#ifndef MODEL_H
#define MODEL_H

const unsigned char model[] = {
    0x1c,0x00,0x00,0x00,0x54,0x46,0x4c,0x33,0x14,0x00,0x20,0x00,
    0x1c,0x00,0x18,0x00,0x14,0x00,0x10,0x00,0x0c,0x00,0x00,0x00,
    0x04,0x00,0x08,0x00,0x14,0x00,0x00,0x00,0x1c,0x00,0x00,0x00,
    0x20,0x00,0x00,0x00,0x24,0x00,0x00,0x00,0x6c,0x00,0x00,0x00,
    0x88,0x00,0x00,0x00,0x8c,0x00,0x00,0x00,0x03,0x00,0x00,0x00,
    0x01,0x00,0x00,0x00,0x9c,0x00,0x00,0x00,0x01,0x00,0x00,0x00,
    0xc0,0x00,0x00,0x00,0x12,0x00,0x00,0x00,0x4c,0x3c,0x00,0x00,
    0x28,0x3c,0x00,0x00,0xd8,0x33,0x00,0x00,0x88,0x33,0x00,0x00,
    0x78,0x1b,0x00,0x00,0xe8,0x1a,0x00,0x00,0xc8,0x1a,0x00,0x00,
    0xb4,0x1a,0x00,0x00,0xa4,0x0a,0x00,0x00,0x14,0x0a,0x00,0x00,
    0x04,0x02,0x00,0x00,0xb4,0x01,0x00,0x00,0x64,0x01,0x00,0x00,
    0x50,0x01,0x00,0x00,0x3c,0x01,0x00,0x00,0x1c,0x01,0x00,0x00,
    0x00,0x01,0x00,0x00,0xe4,0x00,0x00,0x00,0x19,0x00,0x00,0x00,
    0x6f,0x6e,0x6e,0x78,0x32,0x74,0x66,0x20,0x66,0x6c,0x61,0x74,
    0x62,0x75,0x66,0x66,0x65,0x72,0x5f,0x64,0x69,0x72,0x65,0x63,
    0x74,0x00,0x00,0x00,0x01,0x00,0x00,0x00,0xf4,0x3b,0x00,0x00,
    0x06,0x00,0x00,0x00,0x94,0x49,0x00,0x00,0x78,0x49,0x00,0x00,
    0x68,0x49,0x00,0x00,0x58,0x49,0x00,0x00,0x48,0x49,0x00,0x00,
    0x38,0x49,0x00,0x00,0xa0,0xff,0xff,0xff,0x11,0x00,0x00,0x00,
    0x04,0x00,0x00,0x00,0x19,0x00,0x00,0x00,0x72,0x65,0x64,0x75,
    0x63,0x65,0x64,0x5f,0x70,0x72,0x65,0x63,0x69,0x73,0x69,0x6f,
    0x6e,0x5f,0x73,0x75,0x70,0x70,0x6f,0x72,0x74,0x00,0x00,0x00,
    0x36,0xc1,0xff,0xff,0x0c,0x00,0x00,0x00,0x1c,0x00,0x00,0x00,
    0x20,0x00,0x00,0x00,0x0f,0x00,0x00,0x00,0x73,0x65,0x72,0x76,
    0x69,0x6e,0x67,0x5f,0x64,0x65,0x66,0x61,0x75,0x6c,0x74,0x00,
    0x01,0x00,0x00,0x00,0x14,0x00,0x00,0x00,0x01,0x00,0x00,0x00,
    0x2c,0x00,0x00,0x00,0x08,0x00,0x0c,0x00,0x08,0x00,0x04,0x00,
    0x08,0x00,0x00,0x00,0x1c,0x00,0x00,0x00,0x04,0x00,0x00,0x00,
    0x0e,0x00,0x00,0x00,0x72,0x75,0x6c,0x5f,0x70,0x72,0x65,0x64,
    0x69,0x63,0x74,0x69,0x6f,0x6e,0x00,0x00,0xa6,0xc0,0xff,0xff,
    0x04,0x00,0x00,0x00,0x05,0x00,0x00,0x00,0x69,0x6e,0x70,0x75,
    0x74,0x00,0x00,0x00,0xba,0xc0,0xff,0xff,0x04,0x00,0x00,0x00,
    0x0b,0x00,0x00,0x00,0x66,0x70,0x31,0x36,0x61,0x63,0x63,0x66,
    0x70,0x33,0x32,0x00,0xd2,0xc0,0xff,0xff,0x04,0x00,0x00,0x00,
    0x0c,0x00,0x00,0x00,0x01,0x00,0x00,0x00,0x20,0x00,0x00,0x00,
    0x0a,0x00,0x00,0x00,0xea,0xc0,0xff,0xff,0x04,0x00,0x00,0x00,
    0x10,0x00,0x00,0x00,0x01,0x00,0x00,0x00,0x0b,0x00,0x00,0x00,
    0x01,0x00,0x00,0x00,0x0a,0x00,0x00,0x00,0x06,0xc1,0xff,0xff,
    0x04,0x00,0x00,0x00,0x04,0x00,0x00,0x00,0x01,0x00,0x00,0x00,
    0x16,0xc1,0xff,0xff,0x04,0x00,0x00,0x00,0x04,0x00,0x00,0x00,
    0x19,0xb1,0x60,0x3e,0x26,0xc1,0xff,0xff,0x04,0x00,0x00,0x00,
    0x40,0x00,0x00,0x00,0x64,0xbd,0x7e,0x3e,0x43,0x78,0x39,0xbe,
    0x62,0xc4,0xdc,0x3d,0x8a,0xdb,0x65,0x3e,0x0a,0x1b,0xc5,0xbd,
    0x56,0xce,0x82,0xb9,0x72,0x69,0x60,0x3e,0x32,0x26,0x49,0x3e,
    0x68,0xba,0x98,0x3e,0x1d,0xcf,0x20,0x3e,0x93,0x64,0xf6,0x3d,
    0xb8,0xe4,0xa6,0xbd,0xba,0xf6,0x0e,0xbe,0xaf,0xdb,0x79,0xbd,
    0x8d,0x17,0x4f,0xbe,0x65,0x72,0xfc,0xbd,0x72,0xc1,0xff,0xff,
    0x04,0x00,0x00,0x00,0x40,0x00,0x00,0x00,0x9b,0x38,0x64,0x3d,
    0xed,0x92,0x77,0x3d,0x70,0xca,0x5f,0x3d,0xe4,0xb8,0x94,0x3d,
    0x2f,0x34,0x52,0xbd,0x2c,0xdd,0x32,0x3d,0xe3,0x0b,0xc7,0x3d,
    0xde,0x5b,0x88,0xbd,0xfa,0xfb,0xbc,0x3d,0x47,0xa3,0xda,0x3b,
    0xe0,0x3c,0x41,0xbd,0x40,0x51,0xdf,0xbd,0xf0,0xb5,0xd5,0x3b,
    0x5e,0x0b,0x09,0xbe,0x47,0x88,0x41,0xbe,0x6f,0x78,0x1d,0x3e,
    0xbe,0xc1,0xff,0xff,0x04,0x00,0x00,0x00,0x00,0x08,0x00,0x00,
    0xb7,0x59,0x80,0x3d,0x34,0x56,0x2e,0xbc,0xca,0xe8,0xd5,0x3d,
    0x06,0xdc,0x1b,0xbe,0xda,0xc3,0x1d,0xbe,0x53,0x76,0x3a,0xbe,
    0xbb,0x05,0x88,0x3d,0xe6,0x00,0xc7,0xbd,0xbb,0x14,0x21,0xbe,
    0xa1,0xc8,0x9a,0x3d,0xd6,0x3f,0x7d,0xbc,0x45,0x68,0x44,0x3e,
    0x20,0xf9,0x40,0xbd,0xcd,0x44,0xc9,0x3d,0x25,0xd4,0x66,0x3d,
    0x70,0xed,0x51,0xbe,0x6d,0x76,0x9b,0xbd,0xea,0xea,0x71,0xbd,
    0xec,0x9e,0x3d,0x3c,0xdc,0xe5,0xc8,0x3c,0x07,0x82,0xba,0xbb,
    0x56,0x13,0xda,0xbd,0x1a,0xb8,0x4f,0xbe,0xee,0x57,0xfc,0xbd,
    0x81,0x12,0x31,0xbe,0x97,0xc4,0x0e,0xbe,0xde,0x73,0x13,0x3e,
    0x04,0x8c,0xc8,0x3d,0x8f,0x12,0xc4,0xbc,0x00,0x41,0xe3,0xbd,
    0x32,0x6a,0x3b,0x3d,0xac,0x51,0xca,0xbd,0x9c,0x09,0xb6,0xbd,
    0x55,0x93,0x59,0x3d,0xdb,0x5d,0x26,0x3d,0x56,0x1e,0x88,0x3d,
    0x3d,0x7b,0x92,0xbd,0x4d,0x24,0x27,0xbe,0x3f,0x58,0xd7,0xbd,
    0x07,0xe7,0x0b,0x3e,0x24,0x13,0x16,0xbe,0x9c,0xd4,0xcc,0x3c,
    0x58,0xcc,0xc1,0xbd,0x6e,0x2b,0x8d,0x3c,0xec,0x6b,0x06,0x3b,
    0x6d,0xfb,0xb8,0xbd,0x63,0x97,0xb7,0x3d,0x6c,0x8b,0xd0,0xbc,
    0xf4,0x20,0x85,0x3c,0x04,0x2d,0x1b,0xbe,0x69,0x66,0x2c,0x3c,
    0xa0,0xbb,0xba,0x3b,0x9c,0xd0,0xb3,0xbd,0x0e,0x69,0x02,0x3e,
    0x9b,0xa1,0x23,0xbe,0x58,0xff,0xef,0xbd,0x7a,0x88,0xb5,0xbd,
    0xe5,0xe5,0xeb,0x3d,0x96,0x5f,0xf7,0xbd,0xb7,0x6f,0x51,0x3d,
    0x6f,0x2c,0x1f,0xbd,0xf3,0x25,0xcc,0xbc,0x85,0xd1,0x94,0x3d,
    0x2b,0xb0,0xea,0x3d,0xe1,0x86,0x4e,0xbd,0x33,0x0f,0xe1,0xbd,
    0x8e,0x43,0xb1,0xbd,0xd6,0x81,0x3f,0xbe,0x5f,0x2c,0x55,0xbd,
    0x80,0x3a,0xae,0x3c,0x7a,0x6b,0x48,0x3e,0x27,0x7e,0x29,0x3d,
    0xe4,0xd0,0x1a,0x3e,0xb0,0xe8,0x1d,0xbd,0xcd,0x58,0x0b,0x3e,
    0xb5,0x63,0x4b,0x3d,0xdc,0x8c,0x0d,0x3a,0x07,0xe9,0x01,0xbe,
    0xb2,0x48,0x7f,0xbe,0x15,0x32,0x67,0x3d,0x73,0x25,0x12,0x3e,
    0xa8,0xc9,0x1b,0x3d,0x98,0xdc,0xec,0xbd,0x06,0x00,0x92,0xb9,
    0x3d,0xf7,0x7f,0x3d,0x7e,0x33,0x13,0x3c,0x28,0xf6,0xde,0x3d,
    0xb7,0xbd,0x18,0x3e,0xae,0xd5,0x94,0xbd,0xcf,0xa6,0x26,0xbe,
    0xaf,0x7d,0x10,0xbe,0x6e,0x05,0x4a,0xbd,0xa4,0x15,0xd1,0x3d,
    0x42,0xc9,0x7c,0xbd,0x48,0x56,0x2b,0xbe,0x1b,0xfd,0x19,0xbe,
    0x44,0xec,0x8f,0x3c,0x7a,0x02,0x82,0xbb,0xf9,0xbd,0x2e,0xbe,
    0xac,0x7e,0x3c,0xbe,0xda,0x4a,0x84,0xbd,0xfa,0xf9,0x87,0xbe,
    0x19,0xdc,0x95,0xbd,0x6d,0x90,0x93,0x3d,0x21,0x11,0x6b,0x3e,
    0xb5,0x60,0x3e,0x3d,0x79,0xb4,0x0f,0xbc,0x53,0xa6,0xe4,0x3d,
    0xc0,0xc4,0xf8,0xbd,0x4e,0x8c,0xec,0x3c,0x25,0x93,0xdb,0xbd,
    0x7c,0x7d,0xaa,0xbd,0xee,0x65,0x03,0xbd,0x1d,0xe5,0x55,0xbd,
    0x4e,0xf4,0x15,0x3e,0x6f,0x96,0x85,0xbc,0xd1,0x2f,0x66,0x3d,
    0xd6,0xf0,0x79,0x3c,0xd8,0x79,0x4f,0x3e,0x46,0x79,0x1e,0x3e,
    0x75,0x5d,0x51,0xbd,0x87,0x95,0x84,0xbc,0xfc,0x6f,0x0a,0x3e,
    0x9b,0xc5,0x87,0xbd,0x4b,0xa4,0x44,0xbb,0xbb,0x92,0xf9,0xbd,
    0xe3,0x48,0x5c,0xbc,0x6c,0x9d,0x02,0x3e,0x4f,0x85,0xa6,0x3d,
    0x0b,0xb8,0x66,0xbe,0x5e,0xd9,0xed,0x3d,0x8f,0xb2,0x1c,0xbe,
    0x88,0x39,0x0a,0xbd,0x4a,0x83,0x65,0xbb,0x62,0xe4,0x92,0xbc,
    0x61,0x2b,0x8d,0x3d,0x4a,0xaa,0x97,0x3d,0xb8,0x21,0x08,0xbe,
    0x63,0x5b,0xf8,0xbd,0xf9,0x15,0x02,0xbe,0xce,0x64,0x02,0x3e,
    0x94,0x5f,0x9f,0xbb,0x6f,0xd7,0x1e,0x3e,0x63,0x82,0x8a,0x3c,
    0xcf,0x20,0x0d,0x3e,0x64,0xfd,0x84,0x3d,0xc0,0x6e,0xb6,0x3d,
    0xed,0x6e,0x57,0xbc,0x22,0x4a,0x01,0xbd,0xe4,0x61,0x9e,0x3d,
    0xe8,0xd8,0x8e,0x3d,0x98,0xba,0x03,0xbc,0xe9,0x65,0x48,0x3b,
    0xba,0x18,0x23,0xbe,0xf1,0x2d,0x66,0x3d,0xce,0xa0,0xeb,0x3d,
    0x1f,0x4a,0xe1,0x3d,0x02,0xf5,0x9c,0xbd,0x3e,0xe7,0x66,0xbd,
    0x1f,0x76,0xa7,0x3c,0xc9,0x05,0x70,0x3d,0x62,0x76,0xca,0xbc,
    0xa9,0xc2,0x0c,0xbe,0x79,0xd8,0x41,0x3c,0xa0,0xac,0x5b,0x3d,
    0x7e,0xb2,0x86,0x3d,0xdd,0xed,0x0f,0xbe,0x0b,0x00,0x12,0xbe,
    0xb6,0xaa,0x97,0xbe,0x77,0xb5,0x46,0xbe,0x2a,0x68,0xab,0xbd,
    0x58,0xe6,0xbb,0xbd,0xb1,0x23,0x18,0x3e,0x43,0x5b,0xef,0x3c,
    0x5e,0xbd,0x6f,0x3d,0x46,0x75,0x3b,0x3e,0x72,0xe5,0x00,0xbe,
    0x29,0xd0,0x01,0x3e,0xc6,0xcb,0x52,0x3d,0xe7,0x16,0xca,0x3d,
    0x05,0x3b,0x1a,0xbe,0x01,0xcc,0x18,0xbe,0xf7,0x13,0xe9,0x3d,
    0x32,0x9a,0xaf,0x3d,0x9b,0xed,0x9c,0x3d,0x0e,0x95,0x0c,0x3d,
    0x16,0xef,0x9c,0x3d,0x31,0x24,0xf6,0xbd,0xa2,0xe9,0x4a,0xbc,
    0x8b,0xbd,0xb7,0xbd,0x16,0x6b,0xce,0xbd,0x2d,0xb0,0x13,0x3e,
    0x47,0x17,0x17,0x3e,0x9d,0xf6,0x0b,0xbe,0xda,0xa6,0x4b,0xbd,
    0x7c,0x36,0xa3,0xbd,0x89,0x30,0xf5,0x3a,0x37,0x20,0x97,0xbd,
    0x82,0x80,0xfc,0x3d,0xb6,0xf0,0xb6,0xbc,0x8c,0xab,0x3e,0x3c,
    0x3d,0xa2,0x68,0x3d,0x75,0x70,0x46,0x3d,0xb2,0xde,0x2e,0x3e,
    0xba,0xb9,0x7c,0xbe,0xf5,0xf4,0x09,0x3e,0x37,0x8b,0x50,0xbe,
    0xa0,0x79,0xb8,0x3c,0xfd,0xc3,0x04,0xbe,0xba,0xda,0xd7,0x3d,
    0x66,0x35,0xa8,0x3d,0x02,0xbd,0x42,0x3e,0xc8,0x61,0x30,0x3e,
    0xc7,0x22,0xa9,0xbd,0x82,0xf8,0x86,0x3d,0xec,0x31,0xbc,0xbd,
    0xbf,0x53,0x66,0xbe,0x69,0x28,0x5d,0xbe,0xaf,0xcb,0xce,0x3b,
    0x51,0xcd,0x92,0x3d,0xb0,0x19,0x5d,0x3c,0x1c,0x21,0xcc,0x3d,
    0x6c,0xb1,0x05,0x3e,0xd9,0x09,0x95,0xbd,0xba,0xad,0xd5,0xbd,
    0x95,0xf3,0x16,0xbe,0xb9,0x19,0x4a,0xbd,0xb1,0x2c,0x83,0x3d,
    0x0d,0xda,0x0c,0xbe,0x83,0x23,0x35,0xbe,0x76,0x24,0x0b,0xbe,
    0x10,0xf1,0x10,0x3c,0xa4,0x90,0xbd,0x3d,0x05,0xf2,0xa9,0x3c,
    0xfd,0xe5,0x38,0xbd,0x54,0x51,0x49,0x3d,0x97,0xbb,0x1a,0x3d,
    0x9d,0x29,0x0a,0xbc,0xce,0x8f,0x44,0xbe,0x24,0xc7,0x89,0xbe,
    0x6a,0x29,0x09,0x3e,0x5a,0xdb,0x14,0xbd,0xdb,0x42,0xb3,0x3c,
    0xa1,0x41,0x82,0xbc,0x4b,0x86,0x80,0x3d,0xfa,0xf9,0x21,0xbe,
    0x1d,0x88,0x1b,0x3e,0x5b,0x73,0x3c,0x3d,0xf5,0xc8,0x20,0xbe,
    0xb9,0xb4,0x2b,0x3d,0x2d,0xaa,0x12,0x3e,0x32,0x25,0x19,0x3e,
    0x9b,0xdf,0x6d,0x3e,0xc1,0xea,0x41,0x3e,0xad,0x3d,0x6a,0xbc,
    0xf8,0xa5,0xe9,0xbc,0x33,0xa7,0x0a,0x3d,0xd6,0x55,0x4f,0xbe,
    0x58,0x02,0xa3,0xbd,0x2c,0x84,0xb7,0xbd,0x07,0x21,0xc5,0x3d,
    0x67,0xc4,0xdd,0xbd,0xf7,0xf9,0x0e,0x3e,0x33,0xcf,0x73,0xbd,
    0x69,0xc1,0x1b,0x3c,0x76,0x37,0x00,0x3d,0x34,0xfd,0xcf,0x3d,
    0x66,0xb5,0x62,0x3e,0xac,0xea,0x4a,0xbe,0x5b,0x19,0x9d,0xba,
    0xe6,0x5a,0xa2,0xbd,0x10,0x5b,0x9e,0x3c,0x68,0x01,0x06,0xbe,
    0x93,0x25,0x8d,0x3d,0xf0,0x91,0x2f,0x3c,0xe7,0x59,0x96,0xbe,
    0x6f,0x62,0xbe,0x3b,0xc6,0x91,0x2c,0x3e,0xc8,0xb5,0xc5,0x3d,
    0x4f,0xdb,0x2a,0x3e,0x51,0x4a,0x1c,0x3c,0x5f,0xa7,0x14,0xbe,
    0x3f,0xce,0x04,0x3e,0x67,0x2f,0x39,0x3e,0x67,0x29,0x16,0x3c,
    0x56,0xb7,0x31,0x3d,0xad,0x08,0x98,0x3d,0x5f,0x66,0x18,0xbd,
    0x3e,0x6a,0x12,0xbd,0x2f,0x71,0x5c,0xbd,0xb2,0xb3,0x84,0xbd,
    0x67,0x3d,0x68,0x3d,0x34,0x90,0x14,0x3d,0xd1,0x9c,0x4a,0xbe,
    0x56,0x7e,0xc9,0xbd,0xa1,0x85,0x6a,0x3d,0xba,0xc1,0xc7,0xbc,
    0xb8,0x6b,0xac,0xbd,0x1b,0x4f,0x6d,0xbd,0xc3,0x3e,0xee,0x3d,
    0xf6,0xb4,0x5b,0xbd,0xc5,0xb2,0x42,0xbe,0x0e,0x3b,0xa7,0x3c,
    0x3e,0x99,0x1e,0xbe,0x33,0x0a,0x0f,0x3c,0xcb,0xf8,0xff,0x3d,
    0x6e,0x6a,0xb0,0x3d,0xb0,0xbd,0x74,0x3e,0x30,0x8b,0x3c,0x3c,
    0x48,0xd9,0x9d,0x3d,0xcf,0x67,0x59,0xbd,0xa3,0x1a,0x1b,0x3e,
    0x02,0xfb,0xa1,0xbd,0x48,0xba,0x1d,0xbe,0x51,0x41,0xb5,0xbc,
    0x48,0x77,0x0e,0x3e,0x07,0x33,0x3c,0x3e,0x28,0xd9,0xb7,0xbd,
    0x53,0x41,0xc0,0xbc,0x5d,0xb5,0x6f,0x3d,0xef,0x26,0xd2,0x3d,
    0x9e,0x90,0x4f,0xbe,0x2c,0x4d,0x50,0xbe,0x0b,0xa0,0x02,0xbe,
    0xa9,0x87,0x4d,0x3d,0x87,0x0c,0x78,0xbe,0x44,0x54,0xb3,0xbc,
    0xae,0x36,0x22,0x3e,0xab,0xe2,0x15,0xbe,0xee,0x39,0x89,0x3d,
    0xef,0x4e,0x6f,0x3c,0x6c,0xb4,0x4e,0x3e,0xbe,0x80,0x24,0xbe,
    0xa0,0x01,0x70,0x3d,0x5f,0xfa,0x63,0xbd,0xb5,0x5b,0xb9,0xbe,
    0x5d,0x44,0x6c,0x3d,0x99,0xd2,0x83,0xbc,0xde,0xfb,0x59,0x3e,
    0xc7,0x21,0x25,0x3e,0x4a,0xa3,0x1c,0x3e,0x77,0x99,0xfc,0xbd,
    0x4c,0xe0,0xb1,0x3d,0x1c,0x12,0xff,0xbc,0xa0,0x5d,0x99,0xbd,
    0x71,0xde,0x1a,0xbe,0x31,0x9d,0x3a,0x3e,0xa2,0x5d,0xeb,0x3d,
    0x09,0x82,0x41,0x3e,0xa0,0x30,0xa4,0x3d,0x57,0xfd,0x37,0x3d,
    0x87,0xd2,0x32,0xbe,0x65,0x95,0x38,0x3d,0x94,0x3d,0x05,0xbe,
    0x16,0xa4,0x00,0x3e,0xdf,0x28,0x01,0xbe,0xce,0x00,0x1c,0x3c,
    0xda,0xa2,0xb8,0x3d,0x7c,0x6d,0xd6,0x3d,0xb9,0x72,0x0a,0x3d,
    0x25,0xf9,0x7d,0xbd,0xe6,0x24,0xb0,0x3c,0x6e,0xf9,0xbc,0xbd,
    0xfd,0xae,0xdd,0x3d,0x3a,0x69,0x1a,0xbd,0x40,0x2d,0xea,0xbd,
    0xce,0x49,0xb6,0x3c,0x27,0x66,0x8f,0xbd,0x6b,0x4a,0x22,0xbe,
    0x98,0x87,0x67,0x3c,0xaf,0x31,0x8e,0x3d,0x62,0xe8,0x05,0xbe,
    0x81,0x5a,0xf9,0x3d,0xbd,0x28,0x3d,0xbe,0xdf,0x6c,0xdc,0x3d,
    0x14,0x5e,0x4c,0xbd,0xa4,0x64,0x8e,0xbd,0x8f,0x2c,0x8e,0xbd,
    0x46,0x61,0x11,0x3e,0xeb,0x15,0x0e,0x3e,0x6d,0x85,0x2a,0xbe,
    0x4d,0xd7,0x9a,0x3d,0xa1,0x6d,0xf7,0xbd,0x5f,0x3c,0xe8,0xbd,
    0x2d,0x16,0xf5,0xbd,0x31,0x5d,0x4f,0x3d,0xb7,0x96,0xbe,0x3d,
    0x37,0xcc,0x0c,0x3d,0xa3,0x7c,0xbd,0xbd,0x84,0xb2,0x1e,0xbe,
    0x24,0x02,0xb3,0xbd,0x7e,0x23,0x11,0x3e,0x28,0xb9,0x1d,0xbe,
    0x54,0x1d,0x92,0xbd,0x36,0x30,0x0a,0xbe,0x97,0xdd,0x44,0xbe,
    0xd6,0x11,0x6f,0x3e,0x72,0x33,0x22,0xbe,0xb2,0x36,0x85,0x3d,
    0xc4,0x61,0xa2,0x3d,0xf7,0x5d,0x55,0x3e,0xf3,0x86,0x2f,0x3e,
    0x06,0x4a,0x4a,0xbe,0x58,0x30,0xdb,0xbd,0x18,0xb9,0x5e,0xbd,
    0x60,0x73,0x02,0x3e,0x93,0x73,0x1b,0xbe,0xf9,0xb2,0x3a,0xbe,
    0xb1,0x21,0x3a,0xbe,0x20,0x30,0x02,0x3e,0x12,0x0f,0x0a,0xbe,
    0x72,0x2a,0x6e,0x3d,0xf8,0x19,0x82,0xbc,0xf3,0x26,0xc0,0x3d,
    0x53,0x27,0xb4,0x3d,0x17,0x5e,0xb3,0x3d,0x6a,0x18,0xb6,0xbc,
    0xcf,0xce,0x66,0x3e,0x9a,0x5e,0x89,0xbd,0xf5,0x4b,0xee,0x3d,
    0x11,0xe8,0xe2,0x3c,0x96,0xa9,0x45,0x3d,0x0d,0x86,0xd2,0xbc,
    0x84,0xb9,0x92,0xbd,0x98,0x71,0x60,0x3d,0x5b,0xc4,0x8d,0xbd,
    0x58,0x96,0x23,0xbb,0x5a,0x21,0x23,0x3e,0x76,0x07,0xbb,0xbc,
    0x21,0xad,0x32,0xbd,0x10,0x0b,0xe3,0x3c,0x4e,0xb8,0xc8,0xbc,
    0x2c,0xd0,0xab,0x3c,0xde,0xfe,0xb4,0x3d,0xf2,0xb8,0x42,0xbe,
    0x1b,0x72,0x94,0xbd,0x2e,0x48,0x85,0xbc,0xbb,0x60,0x84,0xbd,
    0x5d,0x6c,0x0d,0xbe,0x27,0x35,0x3c,0xbe,0x70,0x65,0xd7,0xbd,
    0x32,0xce,0xcd,0xbd,0x12,0x65,0xdb,0x3d,0xcc,0xa5,0xd5,0xba,
    0xa8,0xb1,0x5b,0xbc,0xd8,0xb6,0xaf,0x3d,0x1b,0x48,0xee,0x3d,
    0x8d,0xd1,0x0c,0xbe,0x30,0xd7,0xc0,0xbd,0x0e,0xe5,0x9e,0xbd,
    0x58,0x42,0x0b,0x3e,0x00,0xe2,0x33,0xbe,0xf1,0x37,0x3a,0xbe,
    0xda,0xe2,0xfe,0xbd,0x84,0x64,0xa7,0xbd,0x5c,0x24,0xcb,0x3d,
    0x1e,0x51,0x04,0xbd,0x63,0xc7,0x0c,0xbd,0x98,0xa5,0xdc,0x3c,
    0x49,0xbe,0x9b,0x3d,0x29,0xc8,0x00,0xbc,0x75,0x4d,0x08,0x3e,
    0x8b,0x58,0x66,0x3d,0x92,0x2f,0xaf,0xbd,0xed,0xde,0xec,0xbc,
    0xa2,0xb1,0xdc,0x3d,0x92,0x65,0x31,0xbe,0xd3,0x17,0x15,0xbe,
    0x60,0x92,0x64,0xbd,0xd4,0xc4,0x97,0x3d,0x2b,0x54,0x63,0xbd,
    0x7f,0x49,0x09,0xbe,0xa4,0x71,0x7a,0xbd,0xf6,0xb5,0xd9,0xbd,
    0xac,0x38,0x04,0x3d,0x76,0x29,0x13,0xbc,0x2e,0x9c,0x46,0xbd,
    0x04,0x06,0xc5,0xbb,0xa0,0x4e,0x0b,0xbe,0xe7,0x2c,0xa8,0xbd,
    0x95,0xdf,0x59,0xbe,0xb1,0x8c,0x18,0x3e,0x7c,0xba,0x8f,0x3d,
    0x93,0x28,0xbf,0xbc,0x4f,0xa4,0x35,0x3d,0x04,0x23,0x77,0xbe,
    0x94,0x09,0x28,0xbd,0x61,0x0f,0xf0,0xbd,0x43,0x02,0x29,0xbe,
    0x1c,0x7d,0x75,0xbd,0x8e,0x55,0x4a,0xbe,0x3a,0x82,0x07,0x3e,
    0x27,0x4f,0x31,0x3b,0x2a,0x94,0x50,0xbe,0xfa,0x48,0xd8,0xbd,
    0xfd,0x09,0xad,0xbd,0xab,0x69,0x90,0xbc,0xaa,0xca,0x27,0xbd,
    0x7c,0x35,0xe6,0xbd,0xf3,0x35,0x1e,0xbe,0x01,0xd2,0x57,0xbe,
    0xe9,0xf0,0xa1,0x3d,0x5f,0xf1,0x97,0xbe,0x44,0x05,0x61,0xbd,
    0x8b,0x2d,0x3a,0xbd,0x08,0x05,0x06,0xbe,0xac,0x5e,0x9b,0x3d,
    0x8c,0xdf,0x1a,0x3e,0x8e,0x43,0x74,0xbe,0x11,0xf2,0x9b,0x3d,
    0x56,0xdb,0x1e,0xbe,0x09,0x60,0xb8,0x3d,0xca,0xc9,0xff,0xff,
    0x04,0x00,0x00,0x00,0x80,0x00,0x00,0x00,0x84,0x55,0x12,0xbb,
    0xb6,0xac,0x8f,0xbb,0x9b,0x16,0xb4,0xbd,0xe2,0x5f,0x1e,0xbd,
    0xae,0xd8,0x11,0x3d,0xef,0xb5,0x6d,0x3d,0x49,0x10,0xb3,0x3d,
    0x5f,0x4b,0x37,0xbe,0x84,0xaf,0xb6,0xbc,0x8a,0x56,0x97,0xbc,
    0xf0,0xfa,0xac,0xbd,0xb8,0x65,0x29,0xbd,0x8a,0x87,0xc7,0xbd,
    0x7b,0x27,0xaf,0x3d,0x58,0xaa,0xb1,0xbd,0x07,0x55,0x14,0xbe,
    0x33,0x99,0x08,0x3e,0xf4,0x42,0x11,0x3e,0x74,0x3d,0x47,0xbb,
    0xb2,0xec,0x3d,0x3e,0x9b,0xe7,0x68,0x3d,0xe7,0x8b,0x24,0xbd,
    0x2b,0xd2,0x85,0x3d,0x67,0x1f,0xf1,0xbd,0x2a,0xe5,0x17,0xbe,
    0xa0,0x81,0x60,0xbd,0x56,0x16,0x49,0xbe,0x6d,0x37,0x12,0xbc,
    0xbb,0x4d,0x25,0x3e,0xf8,0xe7,0x5f,0xbd,0x3c,0x70,0x3c,0x3e,
    0x51,0x78,0xa3,0x3c,0x56,0xca,0xff,0xff,0x04,0x00,0x00,0x00,
    0x00,0x10,0x00,0x00,0x81,0x64,0x73,0xbd,0x39,0x76,0xee,0x3d,
    0x06,0x0e,0xc0,0xbc,0xab,0xed,0xc1,0x3b,0x51,0x61,0x71,0xbc,
    0x9f,0x5a,0xa3,0x3c,0xeb,0x57,0xff,0x3d,0x0d,0x09,0xa0,0xbc,
    0xc9,0x3a,0x40,0xbe,0xad,0x5f,0x45,0xbe,0x70,0x24,0xb8,0xbd,
    0xa1,0x77,0xfe,0x3d,0xa0,0x1f,0x4e,0xbe,0x5a,0xaa,0x86,0x3d,
    0x18,0xe7,0xa7,0xbd,0xae,0x26,0x2b,0xbe,0x42,0x85,0x1a,0xbd,
    0x6d,0x2c,0x27,0x3d,0xd3,0xb9,0x9b,0x3d,0x74,0xd1,0xaa,0xbd,
    0xd8,0xa3,0xa3,0xbd,0xbb,0x94,0x29,0x3e,0xce,0x82,0xff,0x3d,
    0x93,0x6d,0x9c,0x3d,0xda,0xb3,0x93,0xbc,0x59,0x82,0xe2,0xbd,
    0x16,0x30,0x8f,0x3d,0x64,0xba,0x81,0x3b,0x08,0x69,0x88,0xbd,
    0xea,0x69,0xbb,0xbc,0xd7,0x5a,0x0e,0xbd,0x38,0xfd,0xa1,0xbd,
    0x36,0xb5,0x6c,0xbd,0x62,0x17,0x82,0x3b,0x1e,0x79,0x3a,0x3e,
    0xe8,0x6f,0x4b,0x3d,0x90,0x66,0x23,0xbe,0xc1,0xf1,0x39,0xbc,
    0xfb,0x5e,0x0a,0xbd,0xdf,0x13,0xa3,0xbc,0x92,0xb3,0x11,0x3e,
    0x05,0x47,0x8a,0x3d,0x53,0x4b,0x0d,0x3d,0x30,0x21,0x19,0xbe,
    0x01,0x77,0xad,0xbd,0x73,0x7f,0x20,0x3d,0x9b,0xe6,0xaa,0xbd,
    0x3d,0xaa,0xcf,0x3d,0xb5,0x42,0x7f,0xbe,0x5b,0xa1,0x14,0xbe,
    0xa7,0xf8,0x2b,0xbd,0xba,0x26,0x2c,0x3e,0xc7,0xce,0x0c,0x3e,
    0x9e,0x85,0x22,0x3e,0x8e,0xf0,0x49,0xbd,0x3a,0x46,0xdb,0x3d,
    0xc5,0xd2,0x1d,0xbe,0xe7,0x29,0x36,0xbe,0x48,0x06,0xed,0xbd,
    0x48,0x32,0x3a,0xbe,0x5a,0xc1,0x24,0xbe,0xcf,0x4e,0x34,0x3e,
    0xe3,0x51,0x3d,0x3e,0xc4,0x24,0x26,0x3e,0xdb,0xc7,0x46,0x3e,
    0x4a,0xc9,0x34,0xbe,0x40,0xab,0x89,0xbd,0xef,0x38,0x02,0x3e,
    0x95,0xa5,0xa6,0xbb,0x00,0x45,0xcf,0xbb,0x9d,0xdd,0xce,0xbd,
    0xd1,0x6d,0x88,0xbd,0xba,0xb6,0x95,0x3d,0xd7,0x4c,0x95,0x3d,
    0xec,0xee,0x1a,0x3e,0x42,0x37,0xa2,0x3d,0xb8,0xe7,0x3a,0xbd,
    0xdd,0x60,0xc1,0x3d,0x82,0x1d,0x5a,0xbe,0xeb,0x3a,0xb3,0x3d,
    0xe7,0x92,0x8d,0xbd,0xde,0x58,0xdb,0x3d,0xfe,0x7b,0x5a,0xbd,
    0xb5,0x37,0xe1,0xbd,0xb4,0x0e,0xc7,0xbd,0x3e,0x46,0x13,0x3e,
    0x1a,0x56,0xa9,0xbd,0x14,0x2c,0xf1,0x3b,0x49,0xd2,0x68,0xbe,
    0x00,0x4f,0x80,0xbd,0xd9,0xc2,0x39,0xbe,0x5b,0xbf,0xe3,0xbd,
    0xc6,0x45,0x54,0xbe,0x61,0x31,0x2b,0xbe,0xcf,0x78,0x18,0x3d,
    0x03,0xd2,0x9f,0x3d,0x0a,0x10,0xf2,0xbc,0xd3,0xa8,0xa7,0x3d,
    0x7b,0x3f,0x16,0xbe,0x8e,0xc4,0xea,0x3c,0x1a,0x7c,0xf1,0x3d,
    0xb9,0x5d,0xd9,0x3c,0x20,0x5d,0xa3,0x3d,0x65,0xfd,0xb6,0x3d,
    0x6d,0x2c,0x41,0xbd,0xc2,0x74,0x06,0xbe,0x62,0xc9,0xba,0x3d,
    0x16,0x5b,0x03,0xbe,0xfd,0x23,0x59,0xbe,0x66,0xf0,0xc5,0xbd,
    0xb6,0x44,0xb8,0x3d,0x80,0x11,0xf8,0xbd,0x8b,0x9b,0xa8,0x3d,
    0x51,0x57,0x64,0x3d,0x23,0xdc,0x97,0x3d,0x58,0x77,0x03,0xbe,
    0x8a,0x5f,0x00,0xbe,0x12,0x2b,0x42,0xbc,0xaf,0x32,0x11,0x3e,
    0x4f,0xc6,0x18,0x3e,0xd9,0xd5,0x10,0x3e,0xfb,0x0d,0x3a,0xbe,
    0xd1,0x6b,0x92,0x3d,0xa7,0xa9,0x14,0xbe,0xae,0xa7,0xbd,0xbd,
    0x3a,0x4e,0x0d,0xbe,0xf7,0x4f,0x88,0xbd,0x14,0xf2,0x72,0x3d,
    0xa9,0x8a,0x73,0x3d,0xab,0x85,0xbe,0x3d,0x75,0x66,0x25,0xbe,
    0x47,0xc9,0x84,0xbc,0xe8,0xa7,0x1d,0x3e,0x4e,0x53,0x23,0xbd,
    0x4b,0x66,0x36,0xbe,0xdf,0x5d,0x8f,0x3d,0x6e,0xaa,0x67,0xbd,
    0xe2,0x2f,0xdd,0x3d,0x7c,0x90,0x05,0xbb,0x31,0x3b,0xb5,0xbb,
    0x1e,0x24,0x0d,0x3e,0xeb,0x7d,0x3b,0xbe,0xb2,0xb6,0x5c,0x3d,
    0x22,0x43,0x24,0xbe,0x2f,0x6d,0xcd,0xbc,0x6c,0xb4,0x99,0x3d,
    0x40,0xb3,0xde,0xbc,0xb4,0x67,0x81,0xbd,0x8d,0xb7,0x12,0xbe,
    0xde,0xb8,0x14,0xbd,0xd1,0x95,0x2e,0x3d,0xd3,0xa5,0xbd,0xbd,
    0x4f,0x25,0xfa,0xbd,0xd0,0x55,0xf8,0xbd,0x60,0xc8,0x30,0xbd,
    0xd2,0x36,0xa2,0xbc,0x02,0x87,0x99,0xbc,0x70,0xc0,0x68,0xbc,
    0x31,0xe8,0x09,0xbe,0xe0,0x30,0x1d,0xbe,0x49,0x6c,0x00,0x3d,
    0x43,0x12,0xd8,0xbc,0x29,0x51,0xfc,0xba,0x82,0x5f,0x22,0xbe,
    0x66,0xd3,0x8d,0x3d,0x4e,0xb0,0x23,0xbe,0xf3,0x7f,0xce,0xbd,
    0x94,0x54,0x18,0xbe,0xc2,0xc7,0x90,0xbd,0xda,0x3b,0x21,0x3e,
    0xbc,0x8e,0x70,0xbd,0xb7,0x73,0x99,0x3d,0xb6,0x95,0xa1,0xbd,
    0x78,0x18,0xcf,0xbd,0x5c,0x9a,0x9b,0xbd,0x4a,0x98,0x20,0xbe,
    0xfe,0xe1,0xbe,0xbd,0xa7,0x67,0x05,0x3e,0xe3,0x45,0x04,0x3e,
    0xf1,0xb6,0x76,0xbd,0x37,0x66,0x22,0x3c,0x89,0xf9,0xd4,0xbc,
    0xb8,0x80,0x1e,0xbe,0x71,0x49,0x3a,0x3e,0x89,0xe8,0x98,0xbd,
    0x30,0xd1,0x8d,0x3c,0x91,0xfd,0x21,0x3d,0x04,0xab,0xb6,0x3d,
    0x80,0x50,0x1d,0xbe,0x74,0x37,0x27,0xbe,0x93,0xc9,0x4e,0xbd,
    0x0c,0xb9,0xab,0xbd,0xd5,0xe9,0x60,0x3d,0x77,0xd3,0x2a,0xbe,
    0x2a,0xe3,0x53,0xbe,0x9f,0xe7,0x70,0xbe,0x20,0x83,0x2a,0x3e,
    0x35,0xd4,0x02,0x3c,0x2a,0x70,0x85,0xbd,0x3a,0x61,0xe4,0x3d,
    0x4c,0x0d,0xb0,0x3c,0x66,0x5a,0x53,0x3e,0x88,0x80,0xed,0xbd,
    0xe1,0x93,0x00,0xbe,0x37,0x7b,0x57,0x3e,0xed,0x4f,0x6c,0xbd,
    0x54,0x52,0x0a,0x3e,0xfe,0xbb,0xaa,0x3d,0x39,0xfc,0x16,0x3e,
    0x73,0xf3,0x04,0x3e,0xd0,0x96,0xa8,0xbd,0xe8,0x55,0x46,0x3d,
    0xbf,0xf0,0x0a,0x3e,0x44,0x70,0x2d,0xbe,0x12,0x8c,0xdb,0xbd,
    0xea,0x6a,0x03,0x3e,0x65,0x8e,0x23,0xbd,0xd9,0xbf,0x80,0x3d,
    0xed,0x24,0xb3,0xbd,0xa4,0x8c,0x17,0x3e,0xc0,0x64,0x5b,0x3e,
    0xdc,0x6b,0x28,0x3e,0xc7,0xd9,0xe6,0x3b,0x16,0x6b,0x68,0xbd,
    0xd5,0x3b,0xd3,0x3d,0x09,0xf0,0xfd,0xbd,0x4d,0xd5,0xcd,0xbc,
    0x27,0xb9,0x45,0x3d,0xa6,0xff,0xf8,0x3c,0x79,0xa0,0x29,0xbd,
    0x73,0x99,0xa6,0x3d,0x3b,0xf4,0xba,0x3d,0xbe,0xf7,0x3d,0x3e,
    0xff,0x54,0x5a,0x3d,0xb4,0x49,0xf7,0x3d,0x1a,0xda,0x43,0x3c,
    0xbd,0xc9,0xd9,0xbc,0x5c,0x40,0xaa,0x3c,0x3d,0x3b,0x5a,0xbe,
    0x9b,0x99,0x06,0x3e,0x70,0xb2,0xa9,0xbc,0x7b,0x13,0x8d,0x3d,
    0x95,0x7e,0x10,0xbb,0x0f,0xf5,0x21,0xbe,0x11,0x31,0xa1,0x3d,
    0x61,0xe0,0xe7,0x3c,0x9a,0xe1,0x4a,0xbc,0x82,0x45,0x55,0x3d,
    0x05,0x68,0xe0,0x3d,0x33,0x01,0xe5,0x3d,0xe5,0xe1,0xe9,0xbd,
    0xea,0x2d,0x0e,0x3d,0x80,0xc6,0xbe,0xbd,0x97,0xa2,0x00,0xbe,
    0x02,0x04,0xd1,0xbd,0xc9,0x19,0x57,0x3e,0x93,0x52,0xcc,0x3b,
    0x0e,0x3a,0xad,0xbd,0x76,0x72,0xd4,0x3c,0x4f,0xb3,0x2b,0x3e,
    0xb1,0x23,0xa8,0x3d,0x58,0x7b,0x8e,0xbd,0xfe,0x56,0xff,0xbd,
    0x05,0xc2,0x3f,0xbe,0xbe,0x15,0x41,0x3a,0xd9,0x92,0x8e,0xbd,
    0x9d,0xe2,0x28,0x3e,0x2e,0x9c,0xbc,0xbc,0xab,0x12,0x88,0xbd,
    0x87,0x97,0xe0,0x3d,0x6a,0xc5,0x04,0x3e,0x9f,0x84,0x38,0x3d,
    0xfa,0xc2,0x2a,0xbd,0xf2,0x94,0x4b,0x3e,0xb0,0x3a,0x55,0x38,
    0x24,0xaa,0x53,0xbe,0x15,0xdf,0xcb,0x3d,0x44,0x62,0x2e,0xbe,
    0x3c,0x04,0xaa,0xbc,0x63,0x02,0x54,0xbe,0x5b,0x18,0x7c,0xbd,
    0xae,0x36,0x1a,0xbe,0x3e,0x21,0x91,0x3d,0xeb,0xd6,0x08,0x3e,
    0xc2,0x7f,0x07,0x3e,0x14,0x5a,0x25,0xbe,0x1f,0x00,0x19,0xbe,
    0x9f,0x54,0x15,0xbe,0xf7,0x2d,0xc7,0xbd,0x58,0x82,0x2c,0xbe,
    0x32,0xfd,0x5a,0xbc,0xff,0xa6,0x66,0xbd,0xb8,0x81,0x13,0xbd,
    0x50,0xd4,0x6b,0x3d,0x6f,0x90,0x11,0x3e,0x6d,0x07,0x18,0x3d,
    0xe7,0xc4,0x45,0xbd,0xd9,0x3e,0x1f,0x3e,0x95,0x7f,0xa0,0xbd,
    0x55,0x82,0x8f,0xbd,0xe3,0x04,0x1d,0x3e,0xb4,0xd2,0xbe,0xbd,
    0xa0,0xef,0x3a,0xbc,0xbe,0xf3,0x43,0xbc,0x44,0x78,0xe0,0xbc,
    0x01,0x9d,0x87,0x3d,0xc3,0xa4,0x3f,0x3e,0x86,0xd6,0x52,0xbd,
    0x9b,0x8e,0x16,0x3e,0xda,0xd5,0x37,0xbe,0x64,0x7f,0x8a,0x3d,
    0xf8,0x05,0x2b,0x3e,0x25,0xfd,0x87,0x3d,0x9f,0x96,0x06,0xbe,
    0x84,0x3b,0x23,0xbe,0x86,0x4b,0x0f,0x3e,0x90,0x65,0x84,0xbc,
    0x58,0x4d,0x29,0x3e,0xea,0x4b,0x1a,0xbd,0x2b,0xcd,0x7c,0xbd,
    0x9c,0x9e,0x47,0xbc,0x47,0xd8,0x41,0x3d,0xd4,0xa4,0x1e,0x3d,
    0xdb,0xb1,0xc5,0x3c,0xac,0x88,0xd3,0xbc,0x1f,0xa8,0x3e,0x3e,
    0x91,0x7d,0x0d,0x3e,0x2d,0xe0,0x42,0x3d,0xdb,0x36,0x82,0xbd,
    0xd2,0xb2,0x23,0x3e,0xc1,0x7f,0x64,0x3d,0x3d,0x8b,0xaa,0x3c,
    0xdf,0x4b,0xe1,0xbd,0x48,0x16,0x89,0xbd,0x0c,0x85,0x51,0x3d,
    0x99,0xcc,0x18,0x3e,0x4f,0xee,0x2e,0x3d,0xf8,0x03,0x0d,0x3d,
    0xf3,0x9b,0x05,0x3e,0x3d,0xbd,0xcc,0xbd,0xaa,0xa0,0xb9,0x3c,
    0xba,0x60,0x9e,0xbb,0xb2,0x6e,0x22,0x3e,0x11,0x89,0xf5,0x3d,
    0x16,0x5f,0x89,0x3d,0x12,0x9e,0x16,0x3e,0x98,0xcb,0x2a,0xbe,
    0x95,0x6e,0x96,0x3d,0x1e,0xe6,0xe3,0xbd,0x4c,0xe4,0x4e,0xbc,
    0xc0,0xca,0x88,0x3d,0xf1,0xe0,0x70,0xbe,0x11,0xef,0x0a,0x3e,
    0xe0,0xca,0xf3,0xbd,0xae,0x08,0xf9,0xbc,0x38,0xdd,0x48,0x3e,
    0x76,0x02,0x46,0xbd,0x33,0xd4,0x7d,0xbe,0xb7,0x0c,0x13,0xbe,
    0x32,0xea,0x57,0xbe,0x04,0xc1,0xfa,0xbd,0x24,0xa8,0xd8,0xbd,
    0xd0,0xbe,0x44,0xbe,0xc2,0x50,0xdb,0xbc,0x68,0x91,0x20,0xbd,
    0xc6,0x42,0xef,0x3d,0x3f,0xfb,0xa3,0xbd,0x1d,0xd4,0xae,0x3d,
    0x01,0x8a,0xcd,0xbd,0x81,0x77,0x6a,0x3e,0x44,0xe4,0x7a,0xbd,
    0x3b,0x40,0x55,0x3c,0x14,0x70,0xb2,0xbd,0x99,0x6b,0x23,0x3e,
    0xcb,0xaa,0x8a,0xbd,0x55,0x6d,0xc1,0xbd,0x2e,0x1f,0xee,0x3d,
    0x39,0x0c,0xfb,0xbd,0xfd,0xd0,0x5b,0xbd,0x84,0x7d,0x65,0xbd,
    0x78,0x79,0xc1,0xba,0x1d,0x62,0xc5,0xbd,0xd7,0xde,0x77,0x3d,
    0x42,0x04,0xf9,0xbd,0x86,0x3a,0xeb,0x3d,0x42,0x12,0x52,0xbd,
    0xfe,0x35,0x0f,0xbe,0x09,0xc5,0x09,0xbe,0x98,0xa9,0x95,0x3d,
    0x72,0x94,0xb6,0x3d,0xc9,0x09,0x51,0xbe,0xef,0x78,0x2a,0x3e,
    0xdd,0x68,0x20,0x3e,0x03,0xae,0xb0,0x3d,0x70,0xb5,0x18,0xbe,
    0xe5,0xe1,0x15,0xbe,0xf6,0x52,0x86,0xbc,0x72,0x29,0xe8,0x3d,
    0x19,0x34,0x2c,0xbe,0xcc,0x47,0xaa,0xbc,0xf7,0x44,0xac,0x3a,
    0xd9,0xe7,0xd8,0x3d,0xcc,0x93,0x9d,0x3d,0xbe,0x77,0x9a,0xbd,
    0xf3,0x12,0x6c,0xbc,0xc4,0x93,0xc1,0x3d,0x5d,0xd3,0xfd,0x3d,
    0x7f,0xac,0x4e,0xbe,0x1d,0x5c,0x07,0x3b,0xd1,0x3d,0x39,0xbe,
    0x7c,0x61,0x28,0x3e,0x2a,0x78,0xee,0xbd,0xd3,0x67,0xa7,0xbb,
    0x55,0x15,0x1c,0x3e,0x98,0xde,0x90,0x3c,0x94,0xd6,0x23,0x3e,
    0x00,0x59,0xcb,0xbd,0x5d,0x53,0x4e,0xbe,0xef,0xec,0xa5,0x3d,
    0x69,0xb9,0x33,0xbe,0xee,0xe1,0x1f,0x3e,0x9a,0x1d,0xca,0xbd,
    0x26,0xfe,0xc0,0xbc,0x1d,0x06,0x31,0x3e,0x2d,0x5b,0xb6,0x3b,
    0xd5,0x68,0x86,0xbd,0x44,0x03,0x7a,0x3d,0x52,0x33,0x1d,0x3e,
    0xb0,0xda,0xe3,0xbd,0xde,0xa5,0x42,0xbe,0x00,0x82,0xa8,0x3d,
    0xc1,0xc0,0x31,0x3e,0xea,0xf7,0x14,0x3e,0x6a,0x27,0xd8,0x3d,
    0xfb,0x6a,0xa1,0x3c,0x91,0xfb,0x39,0x3e,0xa5,0xa0,0x26,0x3d,
    0xc3,0xa6,0xae,0x3d,0xe1,0xe7,0x45,0x3e,0x43,0xcc,0x88,0x3b,
    0xd1,0x53,0x20,0x3c,0x33,0x42,0xdc,0x3d,0x5d,0x16,0x5c,0xbe,
    0x97,0x9a,0x33,0x3e,0x07,0xaa,0xe8,0xbd,0x00,0xc0,0x24,0x3e,
    0xb2,0x96,0x14,0xbe,0x4f,0xda,0x44,0xbe,0xe6,0xe7,0x9d,0xbc,
    0x9b,0x5e,0x8f,0xbd,0x83,0xde,0xda,0xbd,0x9d,0x3d,0xe7,0xbd,
    0x18,0x94,0xd1,0x3c,0x7c,0x65,0x57,0xbd,0x40,0x74,0x12,0xbd,
    0xb9,0x1a,0x17,0x3e,0x9b,0xcf,0x5f,0x3e,0xc7,0xd1,0x15,0xbd,
    0x86,0x10,0x2c,0xbd,0x2e,0x50,0x37,0x3e,0x5f,0xe1,0xd2,0x3b,
    0xbd,0x4a,0x12,0x3e,0xb8,0xe8,0x11,0xbe,0xf8,0xe8,0xe1,0xbd,
    0xb9,0x0b,0x3e,0x3c,0x6e,0xd5,0x09,0xbd,0x9c,0x43,0x04,0xbe,
    0xcf,0xa7,0xd9,0x3d,0xc4,0x19,0x4a,0xbd,0xe2,0x03,0x3b,0x3e,
    0x99,0x92,0x85,0xbd,0x45,0xa3,0x66,0x3e,0x2a,0x49,0x07,0xbe,
    0x24,0x16,0xab,0xbd,0xab,0x7a,0x2e,0x3e,0x55,0xea,0x6f,0x3d,
    0x04,0x2a,0x25,0xbc,0x75,0x62,0x34,0xbd,0xd2,0xb5,0xb0,0xbc,
    0x71,0x46,0xde,0x3d,0xb3,0x86,0x3f,0xbe,0xa6,0xd6,0x03,0x3e,
    0x90,0x4c,0xff,0xbc,0xfc,0x1d,0x26,0x3e,0x8d,0xd8,0xe0,0xbd,
    0xdc,0xf2,0xaf,0xba,0x66,0xad,0xc4,0xbc,0xb8,0xf9,0x9a,0xbd,
    0x55,0x1e,0x91,0x3d,0xb5,0xc1,0xed,0xbd,0x4b,0x1e,0xe0,0x3d,
    0x60,0x74,0x50,0x3d,0xf8,0x7a,0x06,0xbe,0xbb,0xea,0x85,0xbd,
    0x23,0x24,0xbb,0x3d,0x3f,0xb7,0x3f,0xbc,0x06,0x98,0x86,0x3d,
    0xd9,0xd9,0x92,0x3d,0xe4,0x62,0xca,0xbd,0x1f,0x31,0xb3,0x3d,
    0x37,0x08,0xbb,0xbd,0x85,0x9c,0xfb,0xbd,0xd6,0xc9,0x3b,0x3e,
    0x6b,0x0e,0x84,0x3d,0x00,0x31,0xe9,0x3d,0x2d,0xe6,0xb9,0x3b,
    0x18,0xe6,0x85,0x3d,0xae,0xf5,0x2c,0xbe,0x20,0x3f,0xa5,0xbd,
    0x89,0x5a,0xfc,0x3d,0x8a,0x40,0xb7,0xbc,0x0a,0xa3,0xdd,0x3d,
    0x0b,0x8c,0xfb,0xbd,0x10,0x39,0x15,0x3e,0xeb,0xee,0xb0,0x3d,
    0x94,0x73,0xe2,0xbc,0x5e,0xa1,0xe0,0xbd,0x0a,0x88,0x28,0x3b,
    0x9c,0x05,0xe6,0x3d,0x99,0xec,0x24,0x3c,0x40,0xcc,0x67,0x3e,
    0x3e,0x4d,0xbe,0x3d,0x7e,0x88,0x14,0x3d,0xb1,0x52,0x92,0xbd,
    0x6d,0xc2,0x06,0x3d,0x2e,0x55,0x98,0xbd,0x87,0x55,0x90,0x3d,
    0xec,0xb6,0x2a,0xbd,0x1b,0x63,0xfb,0x3d,0x0b,0x14,0x23,0xbe,
    0xe2,0xef,0x75,0x3d,0x56,0xe5,0xf7,0xbd,0x4a,0x18,0xaf,0x3d,
    0x36,0xe1,0xff,0xbd,0xe4,0xdb,0x0e,0xbe,0x78,0x23,0xb6,0x3d,
    0x25,0xd7,0xa8,0xbd,0x0a,0xae,0xce,0xbd,0x79,0x86,0x5b,0x3d,
    0x3e,0xaf,0x22,0xbe,0x8a,0x52,0x5f,0xbd,0x20,0x26,0xf9,0xbd,
    0x5b,0xb4,0x5f,0x3d,0x8a,0xfa,0x0a,0x3d,0x44,0x01,0xca,0x3d,
    0xb6,0x14,0xff,0xbc,0xf0,0x6c,0xa1,0x3c,0x3a,0x90,0x57,0xbd,
    0x50,0x27,0x16,0xbe,0xc9,0x7e,0x89,0x3d,0x3f,0xa1,0x16,0xbd,
    0x0c,0x12,0x1c,0xbc,0x3b,0x41,0x4e,0x3c,0x62,0x0f,0x80,0xbd,
    0xa9,0xde,0xb7,0x3d,0x5d,0x4f,0x16,0xbe,0x14,0xc4,0x0a,0xbe,
    0x54,0x8a,0x85,0xbc,0x25,0x97,0x09,0xbd,0xa4,0x69,0xc5,0xbc,
    0xb6,0x9c,0x87,0x3d,0x61,0xc8,0x22,0x3e,0xaf,0x2d,0xeb,0x3d,
    0x92,0x70,0xac,0x3c,0x24,0x8a,0xb4,0x3d,0x21,0x01,0xfa,0xbc,
    0xb1,0x8b,0x10,0xbe,0x8f,0xcd,0x17,0xbe,0x96,0xb0,0x62,0xbd,
    0x54,0x78,0x37,0xbe,0x5b,0xb6,0x0b,0xbe,0x82,0xba,0xcd,0xbd,
    0x72,0xd4,0x49,0xbd,0x5d,0x6b,0x08,0xbe,0x2b,0x5f,0x52,0xbd,
    0x18,0xb8,0xb3,0xbd,0xba,0xf4,0x06,0x3c,0x96,0x84,0xee,0xbd,
    0x69,0x97,0x4c,0xbe,0x0d,0x93,0x6f,0xbe,0xf2,0x08,0xe7,0x3c,
    0x75,0x93,0x7c,0x3d,0x59,0x11,0x58,0x3d,0xe6,0x0b,0xaf,0x3b,
    0xd3,0x6e,0xc1,0xbb,0xa0,0xe9,0x2f,0xbe,0xe4,0x31,0x80,0xbd,
    0x75,0xc1,0xa8,0xbd,0x2c,0x7f,0xf1,0x3d,0xf2,0x67,0x13,0x3e,
    0x37,0x92,0x37,0xbd,0x12,0xe9,0xa9,0x3d,0x5e,0x6b,0xce,0x3d,
    0x0e,0xae,0x67,0x3d,0x6a,0xe7,0x10,0x3e,0x00,0xe8,0xdd,0x3d,
    0x48,0xc0,0x3c,0x3d,0xd5,0x02,0xee,0xbd,0x31,0xe2,0xa9,0xbc,
    0xc8,0xac,0x8c,0xbd,0xa0,0x5d,0x42,0xbc,0x3e,0x17,0xdf,0x3d,
    0x6f,0x30,0x13,0xbd,0xa1,0x8b,0x90,0x3d,0xcb,0x90,0x03,0xbe,
    0x84,0xdf,0x40,0x3e,0x52,0x99,0x57,0xbe,0x40,0xde,0x3d,0xbe,
    0xf4,0xfc,0xde,0x3d,0x2b,0x7d,0x63,0xbd,0x0c,0x50,0xd0,0xbc,
    0x63,0x25,0x24,0xbe,0xd4,0xe0,0x1e,0x3e,0x6f,0x30,0x5d,0x3e,
    0x0a,0xaf,0xe4,0x3d,0x83,0xe1,0xc3,0x3d,0xb7,0xbf,0x5d,0xbe,
    0xf7,0xa0,0xc5,0x3d,0x50,0x50,0xb8,0x3d,0xf3,0x3b,0x0c,0xbd,
    0xe4,0xbf,0x25,0x3e,0xcb,0x78,0x1a,0xbe,0x2b,0x2d,0xa1,0x3d,
    0x4f,0x41,0xf0,0x3d,0x83,0x9a,0x3c,0x3e,0xc3,0xe3,0x11,0x3e,
    0x63,0x71,0x20,0x3e,0x41,0x40,0x38,0x3e,0xe2,0x60,0x20,0x3e,
    0x3a,0xbf,0xe9,0xbd,0x3d,0x69,0x3b,0x3e,0x44,0xc5,0x6b,0x3e,
    0xd0,0x1b,0x51,0x3e,0x13,0x5a,0xaf,0x3d,0x18,0x41,0x59,0xbb,
    0x83,0x36,0x54,0x3e,0x69,0x5d,0xa8,0xbb,0x18,0x81,0xc0,0x3c,
    0xd2,0x47,0x9e,0xbd,0xf3,0xde,0x56,0xbe,0x6f,0x48,0xba,0x3d,
    0x69,0xce,0x27,0xbe,0x75,0x11,0xb9,0xbd,0x3f,0x31,0x17,0xbe,
    0x51,0xc2,0xb7,0x3d,0xaa,0x85,0xca,0x3c,0x7c,0x36,0xca,0x3d,
    0x1a,0x05,0xc3,0x3d,0xfb,0xe9,0xcf,0xbd,0xec,0xdf,0xa6,0x3d,
    0x75,0x73,0x22,0xbe,0xbd,0xf6,0x0c,0xbe,0x0e,0x42,0x03,0x3e,
    0xb1,0x8b,0xb2,0x3d,0x48,0x07,0x60,0xbd,0x9c,0x4e,0xbd,0x3c,
    0x01,0x2b,0x7f,0x3d,0x49,0x52,0xab,0xbc,0x23,0xc8,0xe2,0x3d,
    0x73,0x7c,0xb6,0xbd,0x3c,0xfe,0x96,0xbd,0xd8,0xa7,0x0b,0xbe,
    0x63,0x74,0xc5,0x3d,0xdd,0xba,0xbd,0xbc,0x17,0xd5,0xef,0x3d,
    0x29,0x62,0x25,0xbe,0x07,0x48,0x0f,0xbe,0xab,0x83,0xd8,0xbc,
    0x3c,0x62,0x13,0xbe,0x3b,0xde,0x55,0x3d,0xae,0x94,0xdd,0xbd,
    0x8a,0x1b,0xb4,0x3b,0x41,0x69,0x55,0x3e,0xeb,0x43,0xfb,0xbd,
    0x41,0x82,0x42,0x3e,0x58,0xb7,0x46,0xbe,0xcd,0x9b,0x20,0xbd,
    0x8a,0xfe,0x34,0xbe,0x45,0xfe,0xe6,0xbd,0xdb,0x71,0x2e,0x3d,
    0xee,0x64,0xc4,0xbc,0xc3,0xfc,0x6b,0xbd,0xbd,0x05,0x1e,0x3e,
    0x82,0xd0,0x0a,0xbe,0x2d,0x03,0x6e,0xbd,0xb7,0x72,0xa4,0xbd,
    0x6e,0xd7,0x08,0xbe,0x3e,0x5d,0x1e,0xbc,0x9f,0x9d,0x94,0xbd,
    0x67,0xe5,0xa5,0x3b,0xf8,0xe1,0x13,0xbe,0x00,0xa8,0x0b,0xbe,
    0x82,0x2a,0xb9,0x3d,0x47,0x94,0xb5,0x3d,0x52,0x5f,0xc5,0xbc,
    0xd7,0x9e,0xba,0xbd,0xf7,0x4c,0x2a,0x3e,0x9d,0x12,0x49,0x3e,
    0x8f,0x56,0xfe,0xbb,0x94,0x03,0x00,0x3e,0xaa,0x7c,0x6d,0x3d,
    0x14,0xd8,0x5e,0xbd,0xb7,0x71,0x8b,0xbd,0xe5,0x1c,0x9d,0x3d,
    0xc8,0x31,0xcc,0x3d,0x0c,0xfe,0xe8,0xbd,0x4b,0xa6,0x4e,0xbd,
    0xe6,0xf0,0x6b,0x3d,0xa9,0x03,0x61,0x3d,0x14,0x2e,0x3f,0xbd,
    0x84,0x28,0x29,0xbc,0x9d,0xd0,0xc9,0x3d,0x51,0x07,0xee,0xbd,
    0xaa,0x49,0xbe,0x3d,0x7f,0x13,0x21,0x3c,0x01,0xcf,0x64,0xbd,
    0x11,0xd1,0xe6,0x3c,0xab,0x94,0x1b,0x3d,0x8a,0xd7,0x0c,0xbd,
    0xfb,0x19,0x46,0x3e,0x66,0x78,0x17,0xbc,0x82,0x4b,0xfd,0x3d,
    0x0d,0x2b,0x74,0xbd,0x4f,0xa3,0x0c,0x3e,0x0c,0xde,0x2b,0x3e,
    0x57,0xcd,0xa4,0xbd,0xa8,0x0e,0x8d,0xbd,0xae,0x5c,0x03,0x3e,
    0xca,0x14,0xba,0x3d,0xe8,0xb3,0xc1,0xbd,0xc6,0x22,0x40,0xbe,
    0xff,0x9b,0x2a,0x3c,0x50,0x45,0x00,0x3d,0xfe,0xd7,0xc9,0x3c,
    0xab,0x1a,0xdf,0xbd,0x37,0x9a,0xec,0xbd,0xff,0x28,0xa5,0xbc,
    0x48,0x6f,0xe9,0x3d,0x3a,0x98,0x29,0x3d,0xfd,0xb7,0xa3,0x3c,
    0x4a,0x8a,0x04,0x3d,0x8a,0xb1,0x7e,0x3d,0x56,0x86,0x7f,0x3d,
    0x33,0x05,0xc0,0xbb,0xb2,0x1c,0xb1,0xbc,0x7c,0x87,0x14,0x3e,
    0x5b,0x1e,0x39,0x3d,0x80,0xef,0xee,0xbd,0x7c,0xa2,0x2e,0xbe,
    0x75,0x16,0x60,0x3e,0x26,0x5a,0x0e,0xbe,0xb3,0xb7,0x85,0x3d,
    0x09,0xc5,0x01,0x3e,0xc7,0xba,0xc5,0xbc,0x7a,0x70,0x52,0x3a,
    0x91,0x3c,0x98,0xbd,0x72,0x68,0x0e,0xbe,0x2d,0xd4,0xff,0x3c,
    0x34,0x9c,0x3c,0xbe,0xfd,0xd7,0x42,0xbe,0xa0,0x80,0xd1,0xbc,
    0x68,0xca,0x3e,0x3e,0xb1,0x31,0x03,0xbe,0xbe,0x72,0xc2,0xbc,
    0x71,0x1a,0x91,0x3d,0x83,0x7d,0x74,0xbd,0xf0,0xcf,0xe1,0xbd,
    0x33,0xb6,0x4b,0xbd,0xf9,0xf0,0x0a,0xbd,0x0d,0x2b,0x86,0x3d,
    0x94,0x65,0x99,0xbd,0xc6,0x10,0xe0,0x3d,0x36,0x11,0xcd,0xbd,
    0x85,0x62,0x0b,0xbd,0x94,0xb8,0x3a,0x3e,0x96,0x35,0x0f,0xbd,
    0x46,0x6f,0xbb,0x3d,0x33,0xf7,0xb5,0xbd,0x2f,0x0e,0x30,0xbe,
    0x2e,0xc0,0x3a,0xbe,0x53,0x7c,0x3f,0xbe,0xef,0xcf,0x28,0xbe,
    0x09,0x94,0xda,0x3d,0xb9,0x11,0xed,0x3d,0xf8,0xe3,0xa9,0xbd,
    0xab,0xc1,0xdf,0x3d,0xc4,0xee,0x86,0x3c,0x91,0x9a,0x8f,0x3d,
    0xa7,0xd7,0xdb,0x3d,0x3f,0x65,0x80,0xbe,0x8a,0x0a,0xd7,0x3d,
    0x2f,0x18,0x2e,0xbe,0x76,0xf0,0x5f,0x3d,0x2b,0x05,0x31,0xbe,
    0x58,0x03,0x24,0x3e,0x37,0x0d,0x6a,0xbe,0xc7,0xd5,0x28,0x3d,
    0xe1,0x95,0x5c,0x3e,0x45,0x36,0xd9,0xbd,0x79,0x5b,0x67,0x3d,
    0x17,0x98,0x8f,0xbd,0x54,0xf1,0x0f,0x3d,0xa1,0x4b,0x7f,0xbc,
    0xf8,0xce,0x9d,0xbd,0x9a,0x17,0x05,0x3e,0x73,0x56,0xbb,0x3d,
    0x4b,0x6d,0x8f,0x3d,0xb2,0xce,0xa3,0x3c,0x17,0x42,0x75,0xbd,
    0xdb,0x8f,0xc2,0xbc,0xfe,0xb9,0x6a,0x3d,0x15,0xda,0x23,0xbd,
    0xdd,0x40,0x0d,0xbe,0xac,0xcc,0x00,0x3c,0xf9,0x69,0x42,0x3d,
    0xe0,0xc9,0xbc,0xbd,0xbb,0xec,0x23,0x3d,0x29,0x47,0xb8,0xbb,
    0xde,0xc6,0xfa,0xba,0xa6,0xd0,0x13,0xbe,0x92,0xd7,0x02,0xbe,
    0x42,0x4b,0x1f,0x3d,0x5c,0x77,0x95,0x3d,0xaf,0xd0,0xb6,0x3d,
    0x3f,0xbb,0x5d,0x3d,0x5f,0x84,0x2d,0xbe,0x22,0x8c,0x3f,0x3e,
    0x9d,0xa5,0x8d,0xbd,0x6a,0x70,0x30,0xbe,0x71,0xc8,0xda,0x3d,
    0x9b,0x73,0x5a,0x3e,0xb9,0x4e,0xe8,0x3d,0xf9,0xf8,0xa6,0x3c,
    0xbf,0x6a,0x9d,0xbc,0x84,0x59,0x1c,0xbe,0x6e,0xca,0x3e,0xbc,
    0xcd,0xd5,0xb4,0x3d,0xd2,0x35,0x85,0x3d,0x77,0x2e,0x8a,0x3c,
    0xda,0xff,0x12,0xbe,0xa6,0xb4,0x01,0x3d,0x6f,0xe9,0x36,0xbe,
    0x12,0x6d,0x18,0x3c,0x49,0x45,0x6c,0xbd,0x00,0x30,0x06,0xbe,
    0xbd,0x22,0x88,0xbd,0x3e,0x1b,0x02,0x3d,0x84,0xbb,0xbb,0xbd,
    0xac,0x27,0xbc,0xbd,0xee,0xb9,0xe2,0xbd,0x2e,0x14,0x8d,0x3d,
    0xeb,0xe9,0x22,0x3d,0x36,0x75,0x49,0xbe,0xe1,0xdd,0x5b,0x3d,
    0x44,0x40,0x34,0xbe,0x97,0xc3,0x07,0x3e,0x6d,0x44,0xd0,0x3d,
    0x20,0x54,0x08,0xbe,0x3b,0x54,0x03,0xbe,0x80,0xe6,0x6b,0xbd,
    0x8d,0x12,0x19,0xbe,0x17,0xe7,0xe4,0x3d,0x8a,0x9a,0x09,0x3e,
    0x1d,0x4d,0x51,0x3d,0x69,0x3a,0xdb,0x3d,0x20,0xa7,0x11,0xbe,
    0xbc,0x8c,0xb2,0x3c,0x4a,0x1c,0x77,0xbe,0x55,0x0a,0xf2,0x3c,
    0x5f,0x29,0xbc,0x3d,0x36,0x1e,0x44,0x3d,0xf4,0x85,0x46,0x3e,
    0xf0,0x2b,0x61,0xbc,0x5e,0x72,0x33,0xbd,0x97,0xe5,0x5d,0xbe,
    0x72,0x6b,0x65,0x3d,0xb0,0x4c,0xac,0xbd,0x44,0xae,0x6d,0xbc,
    0x7b,0x38,0x85,0xbd,0x62,0x87,0x6a,0x3e,0x5b,0x6c,0x2b,0xbd,
    0x70,0xaa,0xe0,0xbc,0xb7,0x8b,0x0d,0x3e,0xf7,0xc2,0xe2,0x3d,
    0x57,0x0f,0xa5,0x3c,0x49,0xbc,0x70,0xbe,0x5c,0xd1,0x01,0x3e,
    0x90,0xf3,0x1f,0xbb,0x6e,0x0d,0x69,0x3b,0xea,0x4a,0x87,0xbd,
    0xbe,0x3f,0x95,0xbd,0x48,0xb7,0x7b,0xbd,0xed,0xe8,0x4b,0xbc,
    0x3d,0x16,0xf5,0xbd,0x38,0x00,0xb7,0xbd,0x67,0xf9,0xef,0x3d,
    0x7f,0xf0,0xb7,0x3c,0xbb,0x42,0x27,0xbc,0x77,0x20,0x4c,0x3b,
    0x47,0x79,0x29,0xbe,0x0e,0x28,0x14,0x3e,0xe1,0x16,0x0c,0xbe,
    0x7b,0x87,0x0d,0xbe,0x3e,0xa0,0x03,0xbd,0x5d,0x5f,0x1f,0xbd,
    0xdc,0x2a,0x30,0xbe,0xf9,0x12,0x44,0xbe,0xd9,0x7e,0x09,0xbc,
    0xb9,0xcd,0x6b,0xbd,0xee,0x72,0x03,0xbe,0x9d,0x17,0x90,0x3c,
    0x01,0x07,0x50,0x3e,0x78,0xb7,0x95,0x3d,0xa8,0x52,0x11,0xbe,
    0x5b,0x9a,0x1f,0xbc,0xf8,0x07,0xf7,0x3d,0x51,0xc7,0x16,0x3e,
    0xb3,0x11,0xf7,0xbd,0xd8,0x52,0xd3,0xbc,0x59,0xc6,0x17,0xbe,
    0x0a,0x2c,0x3f,0x3d,0x89,0x5f,0x2d,0x3d,0xfe,0x75,0x2c,0xbe,
    0xf5,0xb0,0x8d,0xbd,0xe4,0xd7,0x0b,0x3d,0xeb,0x5c,0x4e,0x3e,
    0x6f,0x5d,0x52,0xbe,0x9d,0x5c,0x51,0xbe,0xe2,0xfe,0x24,0x3e,
    0xf2,0xd3,0x14,0x3e,0xee,0xca,0xc0,0xbd,0xa7,0x49,0x7c,0xbe,
    0x58,0xa8,0xcd,0x3d,0x4f,0xba,0x23,0x3c,0x60,0x95,0x2e,0x3e,
    0x03,0x0c,0x2b,0x3e,0x3b,0x15,0xb3,0xbd,0xd6,0xea,0x2c,0x3e,
    0xb9,0xe5,0xce,0x3d,0xd2,0x77,0x13,0xbd,0xa2,0x35,0x5e,0x3e,
    0x99,0xae,0xf4,0xbc,0x41,0x41,0x4d,0x3e,0x7b,0x35,0x52,0x3c,
    0x14,0xb6,0x25,0x3d,0xe6,0x67,0x31,0xbe,0x37,0x2a,0x46,0x3e,
    0x70,0x53,0x5b,0xbd,0x1e,0x62,0x67,0x3e,0xd3,0x9d,0x6e,0x3c,
    0x38,0x71,0xb9,0xbd,0x8c,0x24,0x4c,0x3e,0xb6,0x94,0x51,0x3e,
    0x01,0x8e,0x2a,0x3e,0xa8,0xb8,0x1e,0xbd,0x5a,0xbf,0xd8,0xbc,
    0xa8,0x64,0x30,0x3d,0x11,0x02,0xd4,0x3d,0x17,0xfe,0x89,0x3d,
    0xa6,0x41,0x33,0x3e,0xb4,0x56,0xbb,0xbd,0x96,0x73,0xc3,0xbd,
    0xff,0xd2,0xe0,0xbd,0x95,0xc4,0xa6,0xbd,0x8c,0xd6,0x1a,0x3e,
    0x20,0x40,0x28,0x3e,0xcc,0x1d,0x0a,0xbe,0xea,0xe5,0x07,0xbe,
    0x62,0x87,0x9b,0x3d,0x5c,0x74,0x81,0x3c,0x9d,0x3c,0x45,0xbe,
    0xcb,0xbe,0xab,0x3d,0xd0,0x51,0x42,0x3e,0xd7,0xfa,0xa4,0xba,
    0x0e,0xa4,0x0f,0x3e,0x24,0x23,0xb2,0x3b,0x06,0x22,0xda,0x3d,
    0x56,0x5b,0x78,0x3d,0x49,0x39,0x81,0x3b,0x98,0xd5,0x7c,0xbd,
    0x51,0x33,0xb3,0x3d,0x53,0x19,0x96,0x3d,0x45,0x75,0x33,0x3e,
    0x10,0x75,0x69,0x3d,0x1f,0x5b,0xbe,0xbc,0xd2,0x5b,0xd6,0x3c,
    0x8d,0x49,0x72,0xbe,0x31,0x3e,0x9f,0xbd,0x9c,0xdf,0xcf,0xbd,
    0x02,0x4c,0x3d,0x3e,0x12,0xf2,0xf7,0x3c,0x97,0x08,0xc1,0x3d,
    0x6e,0x83,0x0b,0x3d,0xfb,0xf3,0x22,0xbc,0xdc,0xec,0x24,0xbe,
    0x0a,0x52,0x58,0xbd,0x57,0x88,0x6d,0xbd,0x0c,0xb0,0xed,0xbd,
    0x42,0xf7,0xcf,0xbd,0x62,0x2c,0x1b,0xbc,0xa4,0xc5,0xb8,0xbd,
    0x85,0xc5,0x23,0xbe,0xa2,0xb8,0x77,0xbd,0x06,0x13,0x31,0xbe,
    0x12,0x49,0x06,0xbe,0xf1,0xab,0xb2,0xbc,0xba,0x43,0x25,0xbe,
    0x61,0x14,0x2a,0xbe,0x7a,0x4a,0xc2,0x3d,0x03,0xfb,0xff,0x3d,
    0xa7,0xdb,0xf6,0x3d,0xab,0xda,0x47,0x3d,0xa0,0x12,0x8e,0xbd,
    0x59,0xf0,0xbf,0xbd,0x47,0x31,0x05,0xbe,0x5f,0xaf,0xb1,0x3d,
    0x17,0xb9,0x09,0xbe,0x61,0x88,0xfa,0xbd,0x59,0xe1,0xe8,0xbd,
    0xd3,0x2e,0x8d,0x3d,0xcb,0x22,0xa3,0xbd,0x0b,0x1b,0xf3,0x3d,
    0x0c,0x8d,0x2d,0xbe,0x2b,0xb9,0xe1,0x3d,0x62,0xda,0xff,0xff,
    0x04,0x00,0x00,0x00,0x04,0x00,0x00,0x00,0x02,0x00,0x00,0x00,
    0x72,0xda,0xff,0xff,0x04,0x00,0x00,0x00,0x10,0x00,0x00,0x00,
    0x00,0x00,0x00,0x00,0x03,0x00,0x00,0x00,0x01,0x00,0x00,0x00,
    0x02,0x00,0x00,0x00,0x8e,0xda,0xff,0xff,0x04,0x00,0x00,0x00,
    0x80,0x00,0x00,0x00,0xb0,0x18,0x2b,0x3f,0x4a,0xf3,0x8f,0xbf,
    0x16,0xd1,0xbf,0xbf,0x84,0xe4,0x68,0xbe,0xe2,0xf1,0xa4,0xbd,
    0xf8,0xe7,0x2f,0x3e,0x94,0x31,0xf7,0x3d,0xda,0x4e,0x67,0xbd,
    0x7d,0xff,0xdc,0xbf,0xbe,0x9d,0x59,0x3e,0x49,0xd2,0x04,0xc0,
    0xcd,0x83,0x1c,0x3f,0x5e,0x4f,0xb5,0xbe,0x3c,0x6f,0x11,0xbf,
    0x78,0x0e,0x7c,0x3f,0xbd,0xfa,0xa4,0x3f,0xa4,0x7f,0xd6,0xbd,
    0x90,0x85,0x92,0x3f,0x86,0x0b,0x8e,0xbe,0x3c,0x44,0xcc,0xbc,
    0xa7,0x31,0x4a,0xbd,0xa4,0x06,0xe6,0x3b,0xa3,0xca,0x52,0x3f,
    0xcd,0x85,0x89,0x3f,0x54,0x79,0x87,0x3f,0x12,0x4a,0x54,0x3e,
    0x32,0xb6,0xbf,0xbf,0x3b,0x55,0xf5,0x3d,0x10,0xbe,0xde,0xbf,
    0x30,0xb4,0x5d,0x3f,0xb9,0xfc,0xcf,0xbf,0x13,0x89,0xcf,0xbf,
    0x1a,0xdb,0xff,0xff,0x04,0x00,0x00,0x00,0x00,0x18,0x00,0x00,
    0xc0,0xc5,0x78,0xbb,0x13,0x02,0xd0,0xbd,0xd7,0x09,0x92,0x3c,
    0x56,0x3e,0x24,0x3e,0xae,0x6f,0x91,0x3d,0xe6,0xae,0xb8,0xbe,
    0x03,0xea,0x77,0xbe,0x93,0x99,0xa3,0xbd,0x7e,0x7e,0x4b,0x3e,
    0xa9,0x43,0x98,0x3b,0x7a,0x08,0xcc,0x3e,0x70,0x79,0x84,0x3e,
    0x7d,0x8f,0x80,0xbe,0x0c,0x60,0xad,0xbe,0x28,0x54,0x87,0x3d,
    0x83,0xc1,0xeb,0x3e,0x09,0x44,0x13,0x3e,0x47,0xf7,0x8e,0xbe,
    0xa4,0x4a,0x5e,0xbe,0xac,0xb8,0x26,0x3e,0x36,0x8e,0x29,0xbe,
    0x5c,0x2c,0xf1,0xbe,0x8d,0x85,0x2e,0xbe,0xdc,0x7f,0x83,0x3e,
    0xd3,0x77,0x47,0xbe,0x2e,0x52,0x8d,0xbe,0x5c,0x6f,0x33,0xbe,
    0x5d,0x17,0x21,0x3d,0x54,0x6d,0xa7,0x3e,0x75,0x0a,0xb8,0x3e,
    0x69,0x0a,0xa5,0xbd,0xfa,0x0e,0x75,0x3e,0xc8,0xbd,0xa3,0x3d,
    0x16,0xa8,0x91,0xbe,0x16,0x82,0x10,0xbf,0x4c,0x03,0xe6,0x3e,
    0x7e,0xfe,0x8e,0x3d,0xb1,0xaa,0xc3,0xbd,0x68,0xc9,0xb7,0xbe,
    0x4a,0xe6,0x5d,0xbe,0x13,0x96,0xf1,0xbc,0x2f,0xbd,0x85,0xbe,
    0xda,0x2f,0xee,0xbd,0x76,0xde,0x23,0x3e,0x50,0x00,0x0f,0x3e,
    0x23,0xac,0x31,0xbe,0xea,0x67,0x96,0xbe,0xdb,0xba,0x5e,0xbd,
    0x6e,0xcf,0x79,0xbd,0xe1,0x60,0xa2,0x3e,0xa6,0xc3,0x3b,0x3f,
    0x13,0xff,0x0d,0xbe,0xf6,0x37,0x56,0xbf,0xf0,0x34,0x88,0xbe,
    0xb2,0x0c,0x4d,0xbe,0xb5,0x05,0xa8,0xbb,0x96,0xda,0xa4,0x3d,
    0x7e,0x9a,0x08,0x3f,0x14,0x62,0x27,0x3e,0xad,0x1b,0x81,0x3e,
    0xc5,0x33,0xfa,0x3e,0xac,0x7d,0x90,0xbd,0xfd,0xed,0xc3,0x3e,
    0xaf,0x48,0xe1,0xbe,0xd0,0xfc,0x23,0x3f,0x3a,0xca,0x47,0x3e,
    0x29,0x5c,0x2f,0x3c,0xf6,0xdd,0xd5,0xbe,0x69,0x09,0xb5,0xbe,
    0x17,0xb3,0xfc,0x3b,0x43,0x54,0x4f,0x3e,0xdd,0x9d,0x39,0x3f,
    0xb4,0x2b,0xcd,0x3e,0xe1,0x61,0x25,0x3f,0x99,0xce,0x36,0x3f,
    0xa7,0xe5,0xe2,0xbe,0xbe,0xdf,0x92,0xbe,0xda,0x65,0x82,0x3e,
    0x1f,0x91,0x51,0x3e,0x04,0x6a,0x17,0xbc,0xaa,0x97,0xdb,0x3e,
    0xf1,0xcb,0xbc,0x3d,0xc0,0x44,0x86,0xbe,0x6c,0x3a,0x7f,0xbe,
    0xd8,0x6d,0x32,0xbf,0xc8,0xcc,0xf4,0xbd,0xfd,0x84,0xb5,0x3d,
    0x04,0x7f,0x5b,0xbe,0xcd,0x5c,0x8b,0x3e,0xca,0xe5,0x94,0x3e,
    0x65,0xcc,0xb9,0xbe,0x5e,0xfc,0x78,0x3c,0x4d,0xd5,0x65,0x3d,
    0x1e,0xa8,0x87,0x3e,0xb9,0x2b,0xf7,0xbd,0xc1,0xbe,0x43,0xbe,
    0xf1,0x0d,0xde,0x3e,0x85,0x0b,0x48,0xbe,0xb4,0x8c,0xd9,0x3e,
    0x5a,0x87,0x5c,0xbe,0x76,0x2b,0x1e,0xbf,0x20,0xd7,0x9f,0x3d,
    0x1e,0x56,0xc2,0x3d,0x87,0xc2,0x48,0x3e,0xe0,0x49,0x47,0x3e,
    0x77,0x72,0xc4,0xbc,0x1e,0x3f,0x45,0xbe,0x95,0xd6,0x7e,0x3e,
    0x4e,0x2d,0x92,0x3e,0xca,0x3c,0xbb,0xbe,0xa2,0xf5,0x74,0x3e,
    0x24,0xbe,0xfe,0x3e,0x4e,0xfe,0x91,0xbe,0x5e,0xe2,0xe7,0x3e,
    0xb7,0xdc,0xaf,0x3e,0x7e,0x01,0x84,0x3e,0xed,0x74,0xb4,0xbc,
    0xcb,0xc7,0xed,0xbe,0xc5,0x85,0xcc,0x3e,0x30,0x58,0xf8,0x3e,
    0x06,0x6b,0x62,0xbe,0x1f,0xfa,0x3c,0x3e,0x6c,0x18,0xc0,0x3d,
    0xc3,0x2b,0xfb,0x3d,0xad,0xc1,0xab,0x3e,0x1c,0x0d,0xc9,0x3e,
    0xb1,0x4e,0x27,0xbe,0x66,0xf7,0x2d,0xbd,0xf4,0x01,0x92,0x3e,
    0xa6,0x01,0xe2,0x3d,0x5a,0x71,0xc2,0x3e,0x84,0x3e,0xf0,0x3e,
    0x26,0xf2,0xca,0xbe,0xbe,0xb4,0xe6,0xbd,0xc2,0xbf,0xa7,0x3e,
    0xff,0xa2,0x9b,0xbd,0xc3,0x11,0xbf,0xbd,0xd7,0xa0,0x9f,0xbd,
    0xc9,0x27,0x7d,0x3e,0xc8,0xec,0x47,0xbe,0x49,0xe4,0xd8,0x3c,
    0x05,0xe8,0x84,0x3e,0x9e,0xf0,0x38,0x3d,0x00,0x44,0xc3,0xbe,
    0x4c,0x3a,0x08,0x3e,0xe6,0x79,0x77,0x3d,0xd4,0x8c,0xcb,0xbd,
    0x9f,0xbe,0x81,0xbe,0x07,0x8d,0x07,0xbc,0x0a,0x67,0x2a,0xbe,
    0x94,0x7d,0x55,0x3e,0x8d,0xb8,0x16,0x3b,0x4a,0x6b,0xcf,0xbc,
    0x6e,0x0c,0xd0,0xbd,0x10,0xff,0x9e,0xbd,0x4a,0x8c,0xab,0x3e,
    0x4c,0x7d,0xbf,0xbd,0xee,0xdf,0x8e,0xbe,0xce,0xd7,0x98,0x3e,
    0x25,0x7f,0x37,0xbe,0xf3,0x8d,0x04,0x3e,0x15,0xb4,0xbc,0x3e,
    0x9a,0x44,0xcf,0xbc,0xe9,0xfd,0x9a,0xbd,0xc0,0xc4,0x7e,0x3e,
    0xe6,0xa0,0x1a,0x3e,0x0f,0x3e,0x8a,0x3e,0x0b,0x20,0xed,0xbd,
    0xe9,0x30,0x3d,0x3e,0x06,0xa3,0xc1,0x3e,0x65,0x4d,0x67,0xbe,
    0x5c,0x23,0x63,0xbd,0x1d,0xf2,0xf7,0x3c,0x35,0x7b,0x0b,0xbd,
    0xf5,0x6f,0xb1,0x3e,0xd1,0xa8,0x85,0xbe,0x90,0xdc,0x13,0x3e,
    0x98,0x22,0x2e,0x3d,0x02,0x06,0xc0,0xbe,0xf0,0x48,0x45,0xbe,
    0xd6,0x05,0x63,0x3e,0xeb,0xa4,0x91,0xbd,0x19,0xb5,0x2a,0x3e,
    0xa5,0x85,0xf9,0xbc,0x51,0x5b,0x3a,0x3c,0x62,0x1c,0x0f,0x3e,
    0x81,0xb8,0x00,0x3d,0x29,0x07,0x04,0x3c,0x4c,0x20,0x56,0xbe,
    0xce,0x64,0x85,0xbe,0xec,0x7d,0x66,0xbd,0x35,0xc2,0xdc,0x3d,
    0x3c,0x21,0xfc,0xbd,0x13,0xf6,0xbf,0x3e,0xd4,0x0a,0x8d,0x3e,
    0xc6,0x1b,0xc9,0xbe,0x7e,0x88,0x6d,0xbe,0xe6,0x8f,0x94,0xbd,
    0x5e,0x99,0xff,0xbd,0xf2,0x57,0x95,0x3e,0xee,0x0f,0xa1,0x3e,
    0x14,0x14,0x1e,0xbd,0xc9,0x92,0x79,0xbe,0xfd,0x03,0xc2,0xbd,
    0xf9,0x80,0x99,0x3e,0xa0,0xd8,0xa3,0x3e,0x7a,0x63,0x1f,0x3e,
    0x2e,0x86,0x96,0x3e,0x06,0x18,0x7d,0xbe,0x96,0x58,0x4b,0x3e,
    0x62,0x2a,0xd8,0xbe,0xd3,0x0d,0x99,0x3e,0xe8,0xeb,0x5d,0x3d,
    0xfd,0x05,0x3f,0x3e,0x1a,0x64,0xac,0xbe,0x3b,0x4e,0xc7,0xbe,
    0x2e,0xe8,0xb4,0x3c,0x0e,0xd8,0xa2,0x3d,0xeb,0x4c,0x92,0xbe,
    0x66,0xf5,0xd6,0xbe,0x55,0x4a,0xc6,0xbe,0x7f,0x73,0xa1,0x3e,
    0xda,0xda,0x12,0xbe,0xf9,0xcc,0x40,0xbe,0x72,0xea,0x05,0x3f,
    0xa0,0xe2,0x13,0xbe,0xa1,0xda,0x82,0x3e,0x40,0xe4,0x3b,0xbd,
    0xf3,0x3b,0x33,0x3c,0x38,0x0e,0xed,0x3d,0x87,0x60,0x1c,0x3e,
    0x2d,0xcd,0x8e,0x3e,0xc5,0x28,0x40,0xbe,0x34,0x93,0x7e,0x3d,
    0x8b,0x2c,0x6b,0xbc,0x2e,0xf5,0x50,0xbd,0x4d,0x78,0xdb,0xbe,
    0x16,0xe9,0xd1,0x3e,0x01,0x36,0x19,0x3e,0xaf,0xef,0x65,0x3d,
    0xda,0x8c,0xce,0x3e,0xfa,0x36,0x55,0xbe,0x9a,0x12,0x46,0x3e,
    0xf0,0x06,0x4c,0x3e,0xde,0xa5,0x38,0xbd,0x8f,0x47,0x5c,0x3e,
    0x5d,0xa3,0x9e,0x3e,0x12,0x34,0xfe,0x3d,0xfd,0xb8,0xd0,0xbe,
    0xbb,0x9a,0x25,0x3e,0x85,0x8f,0xde,0xbd,0xa0,0x76,0x12,0xbe,
    0xea,0x0b,0x5b,0xbf,0x9d,0x83,0xcd,0xbe,0x58,0xcc,0xc7,0x3e,
    0xa1,0x56,0xe0,0xbe,0x9f,0xc9,0x97,0x3e,0x94,0x9d,0x92,0x3e,
    0x94,0x06,0x9e,0xbe,0x8a,0x44,0x01,0xbf,0xc9,0x0d,0x14,0xbe,
    0xbd,0x5e,0xab,0xbd,0x7c,0xe5,0xa7,0x3e,0xe3,0xa8,0x4f,0x3e,
    0xc5,0x45,0x49,0x3d,0xc4,0x63,0x2c,0x3d,0x66,0x7c,0x67,0x3e,
    0x1a,0x58,0xd9,0xbe,0xc3,0xf9,0xed,0xbe,0x80,0xf8,0xea,0xbe,
    0x8c,0x2f,0x8c,0xbe,0x1f,0x61,0x5a,0x3e,0x1f,0x50,0x67,0x3e,
    0x6e,0x67,0x0d,0xbe,0x31,0x09,0x9e,0xbc,0x26,0xeb,0x6b,0x3e,
    0xde,0x80,0x94,0x3e,0x11,0x98,0x5b,0x3c,0x53,0x8b,0x3d,0x3d,
    0x05,0x29,0xa2,0x3e,0x13,0x14,0x27,0xbe,0x8b,0x70,0xe1,0x3e,
    0x09,0x04,0x05,0x3f,0x31,0x14,0x10,0xbf,0x23,0xb0,0xe1,0xbd,
    0x93,0xb4,0xc1,0x3e,0xde,0xea,0x87,0xbe,0x5d,0x3a,0xa4,0x3e,
    0x7d,0x77,0x7c,0xbe,0xcc,0xec,0x0d,0x3f,0x63,0x0f,0x9d,0x3d,
    0xf9,0xe8,0x00,0xbf,0x33,0x26,0x67,0xbd,0x43,0xe2,0x08,0xbf,
    0x7e,0xfd,0xc4,0xbe,0xcd,0xeb,0xa6,0xbe,0x7b,0x14,0x0e,0x3e,
    0x70,0x5c,0x95,0x3e,0xc4,0x9e,0xa2,0xbc,0x1f,0xee,0x37,0x3e,
    0xcd,0x1f,0xc2,0x3e,0x9c,0x1f,0x38,0xbe,0x27,0xcf,0x91,0x3d,
    0xa9,0x46,0x80,0xbe,0x58,0x33,0x82,0xbe,0x22,0xbe,0x40,0xbe,
    0x6b,0x82,0xd1,0x3e,0x79,0xb6,0x0f,0x3e,0x1e,0xfc,0xf0,0xbe,
    0xad,0x54,0x03,0xbf,0x92,0xfc,0xb2,0xbe,0xd5,0x3f,0x56,0x3e,
    0x41,0x22,0x94,0x3e,0x8d,0xca,0xa9,0x3e,0x9c,0x8c,0xc3,0x3e,
    0xd9,0xa9,0xd6,0xbe,0x2a,0xad,0x10,0x3f,0x0a,0x9d,0x09,0x3e,
    0xdc,0x7e,0x74,0x3e,0xb1,0xb9,0xb1,0x3e,0x79,0x50,0x4a,0x3e,
    0x8c,0xa8,0x20,0xbd,0x83,0x5b,0xdb,0x3d,0x3e,0xdd,0x62,0x3e,
    0x5b,0xe3,0x35,0x3e,0xbf,0xb8,0x57,0xbe,0xc0,0x0a,0x92,0xbc,
    0x4d,0x89,0xe0,0xbc,0xf0,0x4e,0x9d,0x3e,0x75,0x0c,0x79,0xbd,
    0xce,0x54,0xd5,0xbe,0xed,0x72,0x90,0xbe,0x39,0x10,0x74,0x3e,
    0x57,0x95,0x99,0xbd,0xf3,0x29,0x13,0xbe,0xe9,0xea,0xb4,0xbe,
    0x84,0xf2,0x92,0xbd,0x08,0xf3,0x59,0xbe,0xc5,0x41,0xde,0x3c,
    0xbe,0xe6,0xcf,0x3e,0x48,0x40,0xae,0xbd,0xd6,0xf9,0xe5,0x3e,
    0xcf,0x91,0x76,0x3d,0xad,0x84,0xe1,0xbd,0xf0,0x88,0x9a,0xbb,
    0xd7,0xfa,0xe4,0xbe,0x1a,0x02,0x8f,0xbe,0x1b,0x53,0xdc,0xbe,
    0x1d,0x0c,0x05,0x3e,0x36,0x2f,0xe2,0x3d,0xda,0x88,0xc2,0x3e,
    0x7e,0x8f,0x71,0xbd,0x33,0xb6,0x5e,0xbd,0xf5,0xc9,0x72,0x3e,
    0x26,0xfd,0x74,0x3e,0xa4,0x1c,0x51,0xbe,0x11,0xa2,0x80,0x3e,
    0x60,0x27,0x23,0xbd,0x96,0x56,0x83,0xbd,0xe9,0xa9,0x2b,0xbe,
    0x07,0x88,0x56,0x3e,0x86,0x69,0x9d,0x3e,0x68,0x0b,0x91,0xbe,
    0x55,0x91,0xc1,0xbe,0x58,0x8a,0x03,0xbf,0x09,0x47,0x82,0xbe,
    0x38,0x7e,0xd4,0x3e,0x92,0xc4,0x17,0x3e,0x66,0x42,0x0f,0xbe,
    0x16,0x35,0x67,0x3e,0xab,0x93,0xb6,0x3d,0xc7,0x6c,0x59,0x3e,
    0x3e,0xd4,0x39,0x3e,0x36,0x88,0x5e,0xbe,0x27,0xdc,0x22,0x3e,
    0xb6,0x78,0x2f,0xbe,0x77,0x23,0xd9,0xbc,0x5b,0x1b,0x96,0x3e,
    0x11,0x46,0xcb,0xbb,0x92,0xa6,0x70,0x3e,0xf9,0x17,0xa5,0x3d,
    0x2a,0x13,0x52,0x3e,0x5e,0x36,0x6c,0xbe,0x70,0x97,0x46,0xbe,
    0x85,0x07,0x0c,0x3e,0xbc,0x66,0x0f,0x3e,0x4e,0x5b,0x9e,0x3d,
    0x98,0xb6,0x03,0x3d,0x53,0x7d,0x56,0x3e,0x86,0xf4,0xe9,0x3e,
    0xf4,0xff,0x3f,0xbe,0x9c,0x11,0x51,0x3e,0x47,0xf2,0x6e,0x3e,
    0x40,0x02,0x09,0xbe,0xc6,0x07,0x3c,0x3e,0xb8,0x50,0x53,0x3e,
    0x48,0xee,0x9c,0xbd,0x38,0x77,0xb3,0xbd,0xb0,0x2b,0xcd,0x3d,
    0xe0,0xdb,0x9f,0x3e,0xa3,0xce,0xdf,0x3c,0x6a,0x90,0x51,0x3e,
    0xa4,0x0c,0x76,0x3e,0x58,0xe5,0xd0,0x3d,0x98,0xd8,0xc9,0xbe,
    0x87,0x2b,0x01,0x3f,0x9b,0x44,0x95,0xbe,0x40,0xd3,0x67,0xbd,
    0x07,0x46,0x62,0x3e,0x03,0x5d,0x86,0x3e,0x51,0x5d,0xb1,0xbc,
    0x1b,0xe5,0x95,0xbd,0xa1,0xcc,0x2f,0x3e,0xfd,0xe6,0xc3,0x3e,
    0x27,0x63,0x64,0x3d,0x00,0xd5,0x85,0xbd,0x76,0xfd,0x87,0x3d,
    0xfa,0x7d,0x6e,0x3e,0xc1,0xef,0x46,0xbd,0xa5,0x31,0x47,0x3c,
    0xc9,0x35,0x48,0xbe,0x45,0x3f,0x82,0x3e,0x03,0xa3,0xdc,0x3e,
    0x83,0x17,0x68,0x3e,0xd4,0xd9,0x85,0x3e,0xc5,0x50,0xfa,0x3c,
    0x7a,0x8a,0x98,0x3e,0x1c,0x09,0xd0,0xba,0xec,0xef,0x1e,0x3e,
    0x7a,0x7c,0xa1,0x3c,0x2a,0x44,0x99,0xbe,0x78,0x99,0x24,0xbc,
    0xc5,0x68,0x95,0xbe,0xf5,0x90,0x25,0x3e,0xe6,0x84,0x68,0xbe,
    0xc7,0xc8,0x5a,0xbe,0x10,0x32,0xf9,0x3d,0xa0,0xca,0x5b,0xbe,
    0xa9,0xd0,0x81,0x3e,0x9c,0xbd,0x98,0x3e,0xcc,0xbe,0x25,0xbc,
    0xc9,0x83,0x1e,0xbe,0x64,0x6e,0x0f,0x3e,0xc3,0x89,0xa6,0x3d,
    0x55,0x12,0x59,0xbe,0x62,0xca,0x43,0x3e,0xc9,0x6e,0xa2,0xbe,
    0x31,0xd9,0x16,0x3d,0x40,0x4f,0x45,0x3e,0x9a,0xb7,0x2b,0xbd,
    0x7d,0x8b,0x47,0x3e,0xc1,0x56,0xb2,0xbe,0x0c,0x48,0x97,0xbd,
    0x23,0x87,0x41,0xbe,0xa0,0x10,0x81,0x3e,0x1a,0x5d,0x26,0xbe,
    0x30,0xaa,0xa5,0xbd,0xf7,0x9f,0xbd,0x3e,0xd2,0x09,0x05,0xbe,
    0x83,0xa8,0x89,0x3e,0x76,0x48,0x77,0xbe,0x2b,0x94,0x4d,0xbe,
    0x25,0xd9,0x69,0x3e,0xa9,0x88,0xac,0x3e,0x3c,0x5d,0xd2,0xbe,
    0xd0,0xf2,0xae,0xbe,0x5c,0x5f,0xad,0x3e,0x44,0xbc,0x65,0x3d,
    0x0e,0xdd,0xcc,0xbd,0xec,0xb4,0xb1,0x3e,0x05,0x4c,0xf3,0xbd,
    0x9c,0x7f,0x03,0xbe,0x85,0xb0,0xa4,0xbe,0xbe,0x71,0x50,0xbd,
    0x6e,0xa5,0xaf,0x3e,0x2f,0x85,0xb6,0xbe,0x7f,0x9d,0x46,0x3d,
    0x04,0x02,0x92,0x3e,0x6f,0x0d,0x79,0x3c,0x11,0xb5,0x15,0xbe,
    0x0f,0x2f,0xa8,0x3e,0x47,0x72,0x84,0x3e,0xb8,0x6b,0x23,0x3d,
    0xea,0x23,0x09,0x3d,0x0b,0x3f,0x87,0x3d,0x6c,0x88,0xa3,0x3e,
    0x8c,0xa0,0x91,0xbe,0x5f,0x70,0x29,0xbe,0x8d,0xba,0xa6,0xbe,
    0x66,0x38,0x53,0x3e,0x56,0x4a,0x3c,0x3e,0xf0,0x8f,0x6a,0xbe,
    0xdd,0x31,0xbd,0x3e,0x5f,0x2e,0x8d,0x3e,0xe9,0x2f,0xaf,0xbd,
    0xe8,0x41,0x6b,0x3e,0xba,0x5d,0xfc,0xbd,0x4b,0x28,0x83,0x3e,
    0x94,0x4a,0x02,0x3f,0x33,0x3b,0xd0,0x3e,0xf5,0xc8,0x0e,0x3e,
    0xbb,0xac,0x65,0x3e,0xaf,0x75,0x1c,0x3e,0x56,0xd1,0xcf,0x3d,
    0x34,0x7f,0x2f,0xbd,0x0d,0x01,0x1e,0xbe,0xd0,0x73,0xf4,0x3d,
    0x6c,0x02,0x32,0x3e,0x4c,0x52,0x04,0x3e,0x4c,0x3a,0x1f,0x3e,
    0xd4,0x1a,0xf1,0x3d,0x8e,0x43,0xc2,0xbe,0x34,0x5c,0x98,0x3e,
    0x93,0xec,0x95,0x3e,0xd5,0xa2,0x88,0xbd,0xa0,0x1d,0xbb,0x3e,
    0xfd,0xb7,0x4c,0x3e,0x1b,0x9c,0xe6,0xbd,0xc3,0x2f,0x77,0x3e,
    0x94,0x13,0xb9,0x3e,0xa6,0xba,0x90,0x3e,0x76,0xa8,0xce,0xbc,
    0x57,0xe7,0xcf,0xbd,0x0b,0x6d,0xb2,0x3d,0xf7,0xcd,0x6b,0x3d,
    0x76,0x77,0x82,0x3e,0x96,0xdb,0xec,0x3d,0x86,0x2c,0x08,0x3e,
    0xdf,0x8a,0x18,0xbe,0x61,0x22,0xad,0xbd,0x07,0x98,0xaa,0x3d,
    0xe5,0xa4,0xeb,0xbd,0x85,0xd7,0x13,0xbe,0xb3,0xf4,0x28,0x3e,
    0x26,0x86,0xe1,0x3d,0x9d,0x6c,0xbe,0x3d,0x7f,0x7d,0xea,0x3d,
    0x10,0xbf,0x06,0xbe,0xc9,0x9f,0x98,0xbd,0x86,0x19,0xc1,0x3d,
    0x8c,0x08,0x84,0x3d,0x30,0xab,0xd8,0xbd,0xb1,0x21,0x2f,0xbd,
    0x67,0xe8,0x12,0xbe,0xba,0xcb,0x4d,0x3d,0xe4,0x1d,0x4b,0x3d,
    0x1c,0x85,0xaf,0x3d,0x42,0x6d,0xc6,0xbd,0xbb,0xab,0xf7,0xbd,
    0x3a,0xea,0x5b,0x3c,0x23,0xf4,0x4c,0x3e,0xa0,0x48,0x74,0x3c,
    0x24,0x8c,0xe1,0xbd,0x4f,0x64,0x05,0x3e,0x66,0xc5,0x56,0xbe,
    0x3e,0x37,0xca,0xbc,0x12,0x8e,0x81,0xbd,0xef,0x50,0x7e,0xbe,
    0x65,0x48,0xf3,0x3b,0x53,0x3e,0x48,0x3d,0xa5,0x51,0x01,0xbe,
    0x93,0xd6,0x93,0xbd,0x23,0x51,0x2a,0xbe,0xee,0xbf,0x6a,0xbe,
    0x86,0x7c,0x07,0xbe,0xac,0x04,0x25,0xbc,0x85,0x33,0x20,0x3b,
    0x0f,0x84,0x91,0xbd,0x5c,0x3e,0x8a,0xbd,0x92,0x2a,0x13,0x3e,
    0x70,0x08,0xbf,0xbc,0x77,0x9d,0x62,0xbc,0xea,0x74,0xb5,0x3d,
    0x8c,0x4d,0x9e,0xbe,0x1a,0x57,0x47,0xbe,0xb6,0xd2,0xb5,0xbd,
    0xbf,0x82,0xdb,0xbd,0x90,0x07,0x92,0xbe,0xaf,0xd8,0x27,0xbe,
    0x16,0xdc,0xd7,0xbc,0x62,0xb1,0x8f,0xbe,0x64,0x1a,0x33,0xbe,
    0xdf,0x7a,0x22,0x3d,0x81,0xf5,0x3c,0x3e,0xbb,0xb9,0x8a,0x3e,
    0x61,0x2b,0xc1,0x3e,0x39,0xad,0x7a,0xbe,0xe3,0xca,0x83,0x3e,
    0xaf,0x65,0xb4,0x3e,0xaf,0x79,0x86,0x3e,0xa4,0x0b,0x14,0xbe,
    0xaa,0x04,0x69,0xbe,0x61,0x65,0xc8,0xbc,0x78,0x3b,0x01,0xbf,
    0x37,0x8c,0xb9,0x3e,0x93,0x50,0x1a,0xbd,0x61,0xf6,0x91,0xbe,
    0xdf,0x1d,0x7a,0xbe,0x1a,0x15,0xd8,0x3c,0x46,0xd6,0xb2,0xbe,
    0x21,0x9d,0x93,0x3e,0xf9,0x50,0xf2,0x3e,0x59,0xaf,0xb9,0x3e,
    0x48,0x7f,0xad,0xbe,0x93,0x8d,0xf0,0x3e,0x00,0x28,0xa1,0x3e,
    0x20,0xe0,0xcf,0xbc,0x3e,0x73,0x08,0xbe,0x67,0x85,0xdc,0xbe,
    0x49,0x1c,0x33,0xbd,0xc7,0x67,0xa2,0x3e,0xab,0x97,0xd3,0x3d,
    0x78,0x4a,0x86,0xbd,0x82,0x35,0x96,0x3e,0x94,0xbc,0xf7,0xbd,
    0xe6,0xa3,0x01,0xbe,0xe9,0x0d,0x8d,0x3d,0xe7,0x94,0xc8,0x3e,
    0x62,0xbe,0xbd,0x3e,0x9d,0xf6,0x95,0xbd,0xb7,0xda,0x31,0x3c,
    0x43,0x5a,0x30,0xbe,0x18,0xc4,0x72,0xbe,0x9e,0x98,0x54,0x3e,
    0xf8,0xb5,0x42,0xbd,0x16,0x39,0xa6,0x3e,0x63,0x5d,0x0c,0xbd,
    0xa3,0x44,0x94,0xbd,0x4c,0x40,0x1f,0xbe,0x7a,0x0f,0x72,0x3c,
    0xee,0xd4,0x8d,0xbe,0xc2,0x6f,0x1f,0xbe,0xe5,0x8a,0x19,0xbe,
    0x2e,0x4f,0x4d,0xbe,0x5e,0x8b,0x0f,0xbe,0x97,0xef,0x9c,0x3e,
    0x41,0xe6,0xdb,0xbd,0xfb,0x7e,0x3a,0xbe,0xad,0x43,0x8d,0x3e,
    0x50,0x57,0xd1,0xbc,0xd3,0x73,0x93,0x3d,0xfe,0xd9,0x99,0xbc,
    0x1f,0xe5,0x8d,0xbe,0x50,0xe1,0x9d,0x3d,0x59,0x7b,0x9c,0xbe,
    0x0c,0xfa,0x63,0xbe,0xe1,0x03,0x02,0x3f,0x26,0x8a,0xc9,0x3e,
    0xbe,0x91,0x10,0x3e,0x06,0xb4,0x7d,0x3e,0xa8,0xce,0x13,0x3e,
    0x85,0xfd,0x9f,0x3e,0x2f,0xb9,0x03,0xbe,0x89,0x30,0x64,0x3d,
    0x0c,0x52,0x5c,0xbe,0x07,0x95,0x85,0xbd,0x84,0x66,0xbf,0x3e,
    0xcc,0x3b,0x91,0xbd,0x1f,0x0d,0x84,0x3e,0x79,0x9b,0x8c,0xbd,
    0x63,0x3c,0x2e,0xbd,0xb7,0xcb,0x23,0xbe,0x88,0x74,0xed,0x3e,
    0xb0,0x17,0xaf,0x3e,0xfd,0x69,0x90,0xbc,0xf6,0xab,0xce,0xbd,
    0x93,0x0d,0x8b,0x3d,0x47,0xe1,0xd0,0x3e,0x23,0xc8,0x1a,0xbe,
    0x01,0x72,0x09,0x3e,0x81,0xde,0x4e,0xbd,0xb7,0x26,0x08,0xbc,
    0x72,0xe3,0x94,0x3e,0x92,0xe8,0x28,0xbe,0x30,0x69,0x09,0xbe,
    0x73,0x28,0xa5,0xbe,0xdc,0x75,0xde,0xbc,0xf4,0x1e,0x69,0xbe,
    0x09,0xbb,0x6d,0x3e,0xd2,0x5b,0x8a,0xbd,0x47,0x0a,0x2b,0xbe,
    0x8d,0x28,0xa3,0x3e,0xb2,0x18,0x9d,0xbd,0xc3,0xa5,0x62,0xbe,
    0x0d,0x0f,0x03,0x3e,0x42,0xae,0xa0,0xbe,0x93,0xbb,0x0b,0xbc,
    0x09,0xc1,0x8b,0xbe,0x4c,0xdc,0x8e,0x3c,0xd3,0x4c,0xcd,0x3d,
    0x04,0x7f,0xac,0x3e,0x73,0xae,0x41,0x3e,0x1c,0x94,0x99,0xbe,
    0x65,0x84,0x6c,0xbe,0xaf,0x07,0x5e,0xbe,0xd7,0xca,0x1b,0xbf,
    0xbe,0x6c,0x3d,0xbd,0xeb,0x10,0x88,0xbd,0x24,0xce,0x22,0x3e,
    0x39,0x44,0xee,0x3c,0x75,0x82,0xa0,0xbd,0x4c,0xa1,0x3e,0x3c,
    0xca,0x97,0x62,0xbe,0xf1,0x4f,0xb1,0x3e,0x09,0x02,0x33,0xbe,
    0xec,0xe5,0x8e,0xbe,0xb9,0x8a,0x4b,0xbe,0xa6,0xe9,0x0f,0x3e,
    0x1c,0x61,0x14,0x3e,0x02,0xce,0x43,0xbe,0xc6,0x03,0xc7,0xbd,
    0x0c,0xbe,0xb9,0xbe,0x58,0x4b,0x2d,0x3e,0xba,0xfb,0x04,0x3e,
    0x48,0xc4,0x55,0xbd,0x9d,0x68,0xfc,0x3d,0x25,0x7e,0xec,0xbd,
    0xa7,0xeb,0xb3,0x3d,0x96,0x35,0x9e,0x3e,0x68,0xbc,0x8c,0xbe,
    0x83,0xc0,0x36,0xbe,0x30,0xed,0x7a,0xbe,0xd0,0x6e,0x06,0xbf,
    0xa8,0xfa,0xdb,0x3c,0xd0,0xc9,0x6e,0xbd,0x2b,0xbd,0x9d,0xbe,
    0xfd,0xc0,0x0b,0x3f,0xb1,0xcd,0xcd,0xbe,0xb5,0x2e,0x59,0x3e,
    0xf5,0xe2,0xfc,0x3c,0x6c,0x09,0xb7,0xbe,0xfc,0xa3,0x8a,0xbe,
    0xc2,0xd7,0xfd,0x3d,0xcc,0x10,0xdc,0xbe,0xbd,0x1e,0xaa,0xbe,
    0xfe,0x98,0xd6,0x3e,0x3d,0x73,0xbe,0x3e,0xd1,0xac,0x59,0xbe,
    0x95,0xe6,0xcd,0xbe,0x02,0x52,0xa2,0xbe,0xb5,0x3b,0xc1,0x3e,
    0xfc,0x05,0x13,0xbf,0x2e,0x1a,0x98,0xbe,0x58,0x30,0x43,0x3b,
    0x71,0x79,0xc9,0x3e,0xe4,0x94,0xaf,0xbe,0xfd,0x67,0x06,0xbe,
    0x45,0x19,0xc4,0x3e,0xec,0x67,0x01,0xbf,0x57,0x0d,0x16,0xbf,
    0xd8,0x7d,0x1a,0x3f,0xf1,0x92,0x84,0x3d,0x26,0x1d,0x8c,0xbe,
    0x97,0xc9,0xa8,0xbd,0x21,0x99,0x11,0x3d,0x87,0x5d,0x6b,0xbe,
    0xd1,0xa4,0x09,0x3f,0x7d,0xa4,0x45,0x3e,0xf7,0x73,0xae,0x3e,
    0x80,0xf1,0x91,0xbe,0x4f,0xe7,0x6c,0xbe,0xcf,0x00,0xd9,0x3e,
    0x98,0x35,0x23,0x3e,0xe9,0x53,0xd8,0xbe,0xa6,0x68,0x39,0xbd,
    0xd1,0x27,0x2f,0xbd,0xfe,0xd6,0xdd,0x3d,0x1a,0x49,0x45,0xbe,
    0x13,0xd2,0xab,0x3e,0xd2,0xe0,0xac,0x3e,0x21,0xae,0xee,0x3e,
    0x65,0xb9,0x60,0x3e,0x68,0x27,0x01,0x3e,0xb3,0x0e,0xc1,0x3e,
    0xae,0x88,0xa5,0xbe,0x4c,0x5b,0x23,0x3e,0xfe,0xbf,0x77,0xbe,
    0x0e,0x8e,0xc0,0xbe,0xa6,0x0e,0x89,0x3e,0x12,0x36,0xc7,0xbc,
    0x79,0x43,0x0e,0xbf,0x93,0x4f,0xe7,0xbd,0xd7,0xc5,0x52,0x3e,
    0x5a,0x4f,0xa2,0xbe,0x29,0x23,0xae,0x3e,0xc4,0x72,0xb8,0xbd,
    0x72,0x12,0xb5,0x3d,0x6f,0x90,0x28,0xbe,0xf1,0x81,0x3d,0x3e,
    0x66,0x12,0xd2,0x3e,0x74,0xd4,0xb3,0xbe,0x97,0xcd,0x49,0x3b,
    0xbd,0xad,0x8c,0xbe,0x05,0x95,0x14,0xbe,0x82,0x88,0x45,0xbe,
    0x6d,0xc7,0xee,0xbe,0xc1,0x18,0x95,0x3d,0xe5,0x42,0xbc,0x3e,
    0x64,0x66,0x65,0x3e,0xba,0x7b,0x9d,0x3d,0x2a,0xff,0xd8,0x3e,
    0xed,0xf0,0xd0,0xbd,0x20,0x32,0x48,0xbe,0x9f,0x14,0xac,0x3e,
    0x71,0x3e,0x84,0xbe,0xf6,0x82,0x9e,0xbe,0x96,0x73,0xc8,0x3c,
    0xd5,0x30,0x48,0xbd,0x5b,0x92,0xee,0xbd,0x23,0x40,0xb6,0xbd,
    0x96,0x34,0x77,0x3e,0x19,0x4d,0x83,0xbd,0x78,0x0d,0x63,0xbe,
    0x74,0xfd,0xa7,0xbe,0xe7,0xad,0x5c,0x3e,0x07,0xd7,0x96,0x3e,
    0xf5,0xff,0x92,0x3e,0x10,0x01,0x03,0x3e,0xa8,0xb7,0xf3,0x3d,
    0xc2,0x8e,0x1b,0x3d,0x3d,0x3c,0x4b,0x3e,0xd1,0xc1,0x97,0xbe,
    0x0d,0xb1,0xf8,0xbd,0x31,0x7e,0xac,0xbd,0x98,0x7c,0x11,0x3e,
    0xb4,0x6b,0x2e,0x3e,0x11,0xca,0x14,0xbe,0x97,0x2f,0x3d,0x3e,
    0xa2,0x1d,0x2c,0xbd,0x71,0xb9,0xe9,0xbe,0xb9,0x31,0x03,0xbe,
    0x3d,0xfe,0xcd,0xbe,0x73,0x91,0x4f,0xbe,0xaa,0xbc,0x0e,0x3e,
    0x04,0x37,0x53,0x3e,0xe2,0xb2,0x28,0xbe,0x74,0x57,0xdc,0xbd,
    0x9b,0x26,0x3b,0xbd,0xe3,0x75,0xa9,0xbe,0x83,0x49,0xf1,0xbe,
    0xdd,0x3d,0x27,0x3d,0x5b,0x75,0xa5,0xbd,0x12,0x50,0x0e,0x3d,
    0x74,0x19,0xb8,0xbd,0x15,0x5f,0xad,0x3d,0xe9,0xdc,0xb2,0xbe,
    0x81,0xb9,0x3f,0xbe,0xb4,0x91,0xd3,0x3d,0x1f,0x45,0xa2,0xbc,
    0xdc,0x44,0x34,0x3e,0x18,0x93,0x6a,0xbe,0x57,0xe4,0x80,0xbe,
    0x78,0xff,0x0f,0x3d,0xb3,0x07,0x13,0xbd,0x2c,0x84,0xa2,0xbe,
    0x43,0x93,0x08,0xbe,0x6d,0xca,0xa4,0x3e,0x1d,0x53,0xbb,0x3d,
    0x82,0xcd,0x2e,0x3e,0x75,0x35,0xcb,0xbc,0xbc,0x03,0x61,0xbc,
    0xd2,0x05,0xf2,0xbe,0x77,0x7a,0x22,0xbe,0x08,0x00,0xb3,0x3d,
    0x96,0xa0,0x18,0x3e,0xdc,0xa3,0xb0,0x3e,0xf4,0x70,0x92,0xbd,
    0x8e,0xf6,0xb4,0xbd,0xe0,0x19,0xef,0xbe,0x23,0x76,0xd4,0x3d,
    0x79,0x13,0xb4,0x3d,0xb7,0xda,0xa1,0xbe,0xa1,0x12,0xab,0x3d,
    0xdd,0xb4,0xa4,0x3e,0xdf,0xba,0x23,0xbe,0x11,0x06,0xdb,0x3e,
    0x75,0x9a,0xbd,0x3d,0x7e,0x3f,0xc0,0xbe,0xc9,0x30,0x11,0x3f,
    0x56,0xc8,0x29,0x3e,0x09,0x6e,0x03,0xbf,0x1e,0x72,0xe2,0xbd,
    0x12,0xf5,0xed,0xbe,0x6a,0x32,0x93,0xbd,0xee,0x45,0xc2,0x3e,
    0x86,0x2e,0x7a,0xbd,0xe2,0x86,0xc3,0x3e,0x9f,0x6d,0x92,0xbe,
    0x71,0x0d,0xb5,0xbe,0x3e,0x80,0x43,0x3e,0xad,0x8d,0xdd,0x3e,
    0x52,0x2e,0x00,0x3f,0xef,0xde,0xa9,0xbe,0xe3,0xba,0x9f,0x3e,
    0x2d,0x62,0x81,0xbe,0xbb,0x22,0x3f,0x3e,0xdf,0x51,0x7d,0x3d,
    0x17,0xda,0xef,0xbe,0xea,0x18,0x49,0x3e,0xa0,0xff,0x69,0x3e,
    0xdb,0x2d,0x78,0x3e,0x01,0x89,0xae,0xbe,0xaf,0xce,0x06,0xbf,
    0xea,0xd0,0x57,0x3e,0xb1,0x91,0x5b,0x3e,0x86,0xc0,0xeb,0xbd,
    0xba,0xd6,0x0d,0xbf,0x59,0x0e,0x15,0xbd,0x7d,0x3c,0xd2,0x3e,
    0x65,0x80,0x39,0x3e,0x78,0x0d,0x25,0x3d,0x7d,0xde,0x8a,0x3e,
    0x2c,0x8c,0x4a,0xbe,0x3a,0xa3,0xd2,0x3d,0xc2,0xfb,0x14,0x3d,
    0x78,0xc2,0x6d,0xbd,0x52,0xb2,0xb5,0x3e,0x5b,0x6a,0x5c,0xbb,
    0xa9,0xe5,0x8b,0x3e,0xb0,0x63,0x90,0x3d,0x01,0x14,0xf7,0x3d,
    0xce,0xa3,0xd9,0x3e,0xdf,0x90,0x9b,0x3c,0x36,0x7a,0xa8,0xbe,
    0xaf,0x92,0x03,0x3e,0x8e,0x3f,0x4c,0x3e,0x2b,0x60,0x70,0x3d,
    0xcf,0x88,0xe4,0x3d,0xb0,0xbc,0xe5,0xbd,0xea,0xcd,0xad,0x3d,
    0x6b,0xb8,0x4b,0xbe,0x3a,0x9c,0x90,0x3c,0x70,0xa3,0xad,0xbe,
    0xf5,0x49,0xe1,0x3a,0x2d,0x30,0x95,0xbe,0xf7,0x8b,0x3e,0xbe,
    0x08,0xb7,0xbd,0xbd,0xfb,0xb6,0xc9,0x3d,0x58,0xcd,0x3a,0x3e,
    0x45,0x77,0xa4,0xbe,0xd6,0x28,0xcf,0xbd,0xe7,0x22,0xc8,0x3e,
    0x2b,0x11,0xdd,0x3c,0xe5,0xc0,0x8b,0x3e,0xcf,0x29,0x30,0x3d,
    0x79,0x8e,0x6f,0x3e,0x9e,0x45,0xc7,0xbd,0xd9,0x8e,0x93,0xbe,
    0xf5,0xfe,0x9d,0xbe,0x2a,0xb4,0x77,0x3e,0xa7,0x3d,0x42,0xbd,
    0x32,0xb8,0xec,0x3d,0x37,0xf1,0xa4,0xbc,0x91,0x43,0xeb,0xbd,
    0x77,0x6a,0x2c,0x3e,0x28,0x11,0xb7,0xbd,0x68,0x71,0x88,0xbe,
    0x24,0x47,0xe1,0x3d,0xbb,0x24,0x1b,0xbe,0xb6,0x25,0x02,0x3e,
    0xe2,0x03,0x20,0xbf,0xe4,0xbe,0x79,0x3e,0x81,0x19,0x0d,0xbe,
    0x17,0x05,0x45,0xbd,0xa1,0x3e,0xb2,0x3e,0x24,0xf0,0x24,0xbe,
    0xef,0xe9,0xa8,0x3e,0xeb,0x4c,0x0b,0x3e,0x3a,0x85,0xda,0xbd,
    0x50,0xe6,0x6d,0xbd,0x7e,0x6f,0x90,0x3e,0x1f,0x39,0xb6,0x3e,
    0xbf,0xb2,0xd6,0xbd,0xcf,0x94,0xed,0x3d,0xf0,0xb9,0x0c,0x3f,
    0xad,0x92,0x2f,0xbd,0xe1,0x8a,0xff,0xbd,0x22,0x33,0x7a,0x3e,
    0xb1,0x95,0xf0,0x3e,0x77,0xe3,0x9b,0x3e,0xa3,0x44,0xf9,0xbe,
    0xc7,0x10,0x8a,0xbe,0x2f,0x85,0xd6,0x3e,0xd1,0xec,0xcc,0xbe,
    0xb7,0x96,0x82,0x3e,0xae,0x5b,0xc1,0xbe,0x61,0xad,0xfe,0x3d,
    0xcb,0x96,0x58,0xbf,0x6b,0x4f,0xec,0x3e,0xea,0x73,0x31,0x3e,
    0x0a,0xae,0x9b,0x3e,0xad,0x96,0x6f,0xbe,0xe3,0x5e,0x13,0xbf,
    0xa3,0x6d,0x2a,0xbe,0xeb,0x34,0xa5,0xbe,0x60,0x7b,0x2b,0x3d,
    0xe5,0xb2,0x9b,0x3e,0x05,0xbb,0xf7,0x3e,0x27,0xde,0xb5,0xbe,
    0x18,0x4f,0xf5,0xbd,0xe4,0x6c,0x63,0x3d,0xe7,0x54,0x1b,0x3f,
    0xf3,0x88,0x8e,0xbe,0x51,0xab,0xc5,0x3d,0x3c,0xa2,0x5b,0xbe,
    0xf9,0xd8,0xbb,0xbe,0x7e,0x6e,0xc0,0xbe,0x35,0x8f,0xee,0x3e,
    0x4a,0x2b,0xf1,0x3d,0x45,0x4b,0x1a,0x3d,0x1c,0x5f,0x24,0x3e,
    0xf6,0xea,0xa9,0xbe,0x16,0x10,0xbf,0xbe,0xd5,0xec,0x82,0x3e,
    0xcf,0x6a,0x31,0xbe,0xb3,0xdb,0x27,0xbe,0xb8,0x10,0x89,0x3c,
    0xde,0x20,0x88,0xbe,0x42,0xa0,0x79,0x3e,0xc5,0x1b,0x33,0xbe,
    0x2a,0x4e,0xc0,0x3e,0xfb,0xb6,0xc0,0x3e,0x7e,0xf7,0xaa,0xbe,
    0x90,0xd9,0x51,0x3d,0x50,0x2a,0x18,0xbd,0x77,0x66,0xb8,0x3e,
    0x82,0x06,0x85,0xbe,0x51,0xfa,0xac,0xbe,0xe4,0xbc,0xac,0x3c,
    0x0f,0xe9,0xab,0x3e,0xc1,0x08,0xbd,0x3e,0x0a,0xe5,0xe9,0xbd,
    0x81,0x21,0xd2,0x3d,0x98,0xc6,0x37,0x3e,0x45,0x79,0x00,0xbd,
    0x9f,0x2c,0x82,0xbe,0xf6,0x25,0x42,0xbe,0x4b,0x5e,0x9f,0x3e,
    0x96,0xcd,0x43,0xbe,0x50,0xd6,0x15,0x3e,0x85,0xeb,0x2f,0x3e,
    0x5b,0x98,0x61,0xbe,0x5e,0xa0,0x04,0x3e,0xe0,0xf7,0x1a,0xbe,
    0xc7,0x36,0x0d,0xbe,0x67,0x31,0x87,0xbd,0xb2,0x80,0x33,0x3e,
    0xab,0xf2,0x09,0xbe,0x97,0xe1,0x94,0x3e,0x2c,0x35,0x8d,0xbe,
    0xad,0x3b,0x58,0xbe,0x31,0x28,0xda,0x3e,0x88,0x45,0x89,0x3e,
    0x12,0x7e,0x5b,0xbe,0x9f,0x73,0x10,0xbf,0x46,0xfc,0xdd,0x3e,
    0xfc,0xf7,0x69,0xbe,0x85,0x1b,0x55,0xbe,0x2b,0x2e,0x24,0xbf,
    0x5b,0x5d,0xbf,0xbe,0x8d,0x47,0x82,0x3d,0x39,0x00,0x49,0xbd,
    0x14,0x9d,0xc5,0xbe,0x70,0xfd,0xa2,0xbe,0x5d,0x3d,0x71,0xbd,
    0x4e,0xc7,0xce,0x3e,0x06,0x63,0xc5,0xbe,0xdd,0x50,0xef,0x3e,
    0x6b,0x0e,0xf7,0xbe,0xcf,0x32,0x2d,0xbe,0x8c,0xc2,0xf3,0x3e,
    0xb4,0xd1,0x55,0xbe,0xb8,0x23,0x58,0x3e,0x93,0x39,0xb3,0x3d,
    0x41,0xe5,0xef,0xbe,0x99,0xa0,0x11,0x3d,0x1b,0xcb,0x53,0xbe,
    0xf4,0x73,0x5e,0x3e,0x5c,0xde,0x9b,0x3e,0x16,0x2a,0xed,0xbe,
    0x1e,0xef,0xe7,0xbe,0xca,0xec,0xb8,0x3c,0xc9,0x8a,0xe5,0x3d,
    0x76,0xd9,0x1b,0xbe,0x01,0xe8,0xc3,0x3e,0x8e,0xe3,0xd0,0xbe,
    0xdf,0x05,0xe9,0x3e,0xa5,0xdd,0xac,0xbe,0x0b,0x21,0x61,0xbc,
    0x28,0xe2,0xf4,0xbd,0xe1,0xf8,0x29,0x3e,0x99,0x56,0xaf,0xbc,
    0x58,0x9d,0x8a,0x3e,0x00,0xc2,0x25,0x3e,0x8a,0xb7,0x9d,0xbe,
    0xe6,0x30,0xb8,0xbe,0x88,0xe6,0xef,0x3e,0x97,0x3b,0xc4,0x3e,
    0xae,0x87,0x5c,0x3e,0xf3,0x54,0x6d,0xbe,0x65,0x9a,0xdc,0x3c,
    0x02,0xd1,0x26,0xbe,0x17,0x72,0x88,0xbc,0xa2,0x0c,0x98,0x3e,
    0xee,0xd8,0x6f,0x3e,0xc1,0xe6,0x95,0xbd,0x8e,0xc6,0xc8,0xbe,
    0x35,0x58,0x0c,0x3d,0x45,0x91,0xa6,0x3e,0xb1,0x1b,0x82,0x3e,
    0xc6,0x92,0xfa,0xbe,0x12,0x0c,0x15,0xbf,0x77,0x5b,0xa1,0x3e,
    0xba,0xb4,0x06,0x3f,0xa4,0x81,0xd9,0xbe,0x28,0x23,0xb0,0x3e,
    0x57,0xc0,0x96,0x3e,0x17,0x6b,0x94,0x3e,0xe8,0x0e,0x64,0x3e,
    0x49,0x6d,0xed,0x3d,0x27,0x47,0x91,0x3d,0xc6,0xee,0x37,0xbf,
    0x76,0x6a,0x47,0xbe,0xb4,0x6a,0x33,0x3e,0xe0,0x0c,0x08,0xbf,
    0xbb,0xe3,0xa2,0x3e,0x53,0xbe,0xc7,0xbe,0xe5,0x05,0x0a,0xbf,
    0x29,0x64,0x38,0xbe,0x3f,0xfb,0x40,0xbe,0x48,0xc9,0x22,0x3e,
    0x8d,0xfd,0xa5,0xbe,0x69,0xce,0xff,0xbd,0x53,0x1d,0xbd,0xbe,
    0xe6,0x71,0x02,0xbf,0x0d,0x59,0xfb,0x3d,0xaf,0xa1,0x15,0xbf,
    0x28,0xba,0x65,0x3e,0xaa,0x6f,0x55,0xbe,0x2b,0xe7,0x40,0x3e,
    0xbf,0xe6,0x76,0xbe,0xac,0xab,0xee,0xbe,0x9f,0x40,0xcc,0x3e,
    0x3c,0xb5,0x58,0x3e,0xa0,0x18,0x85,0xbe,0x9f,0x1b,0xd4,0x3d,
    0xff,0x06,0xc8,0xbe,0x7d,0x77,0xfe,0xbe,0x5a,0x56,0xd8,0x3e,
    0xbe,0x35,0x8d,0x3e,0x09,0x89,0x00,0x3d,0x7b,0xf7,0xe8,0x3e,
    0xcb,0xaf,0xe4,0x3e,0x66,0xc9,0xcf,0xbe,0x51,0x69,0x9e,0x3e,
    0x75,0xec,0x60,0xbe,0xb7,0x74,0x6c,0x3c,0x47,0x5e,0xc6,0xbe,
    0xb7,0xd4,0xca,0x3e,0x76,0xe8,0x0e,0xbf,0x6d,0x68,0xdc,0x3c,
    0xc9,0xa2,0x8a,0x3e,0x6c,0x85,0x2e,0xbe,0x60,0x44,0x70,0x3e,
    0x5d,0x23,0x6b,0xbd,0x80,0xf7,0xd9,0xbe,0xf3,0x09,0x0d,0x3f,
    0xf3,0x05,0x13,0x3d,0xda,0x34,0xef,0x3d,0x91,0x78,0xbb,0xbd,
    0xa9,0x88,0x8e,0xbe,0x1b,0x84,0xf5,0x3e,0x4e,0x24,0xee,0xbe,
    0x65,0x23,0x85,0xbe,0x3e,0x4a,0x11,0xbf,0xac,0x1f,0x3d,0x3e,
    0xcc,0x2d,0x7f,0x3e,0x96,0x19,0xc9,0xbd,0xfe,0xa6,0xe7,0xbd,
    0x83,0x7f,0x8f,0x3e,0xa8,0x1f,0x92,0xbd,0xe6,0x53,0xd1,0xbe,
    0xf7,0x8e,0xad,0xbc,0xd1,0x4b,0xd2,0xbd,0x28,0x65,0x77,0x3e,
    0x6f,0xd5,0xeb,0xbe,0x76,0x0a,0x84,0xbd,0x1b,0xbb,0xab,0xbe,
    0xbc,0x28,0xa1,0x3e,0x2d,0x77,0xd7,0xbe,0xf1,0xd9,0xd3,0xbe,
    0xc1,0xea,0x14,0xbf,0x17,0xee,0xb6,0x3e,0x62,0x21,0xbf,0x3c,
    0xac,0x90,0x06,0xbf,0x94,0x58,0x85,0x3e,0x77,0xc0,0xdc,0xbe,
    0x3a,0x56,0x88,0x3e,0x8d,0x3c,0xad,0x3e,0x27,0x86,0x65,0x3e,
    0x9f,0xb8,0x16,0xbe,0x25,0x34,0xfa,0xbb,0xd1,0xb7,0xc4,0xbd,
    0x66,0x95,0xe7,0xbd,0xe3,0x5c,0x7b,0x3e,0x7b,0xe6,0x5b,0xbd,
    0x15,0x8b,0x2b,0xbe,0xb8,0xd0,0x0f,0x3e,0xae,0xaa,0x9e,0xbc,
    0x5f,0x96,0x2d,0xbe,0xde,0xad,0x7f,0x3e,0xf1,0xb8,0xb3,0xbe,
    0xcc,0x80,0x6a,0x3c,0x92,0x6e,0x92,0x3e,0x9c,0x2b,0xf6,0xbd,
    0x28,0x0c,0x6a,0x3d,0x4e,0x51,0x4b,0xbe,0x11,0xdb,0x8e,0x3d,
    0xd9,0xd7,0x1d,0x3d,0xbd,0xdd,0x74,0xbd,0xf2,0xa3,0x0d,0xbe,
    0x28,0xfc,0x15,0xbe,0xc4,0x1e,0x0b,0xbe,0x6e,0xfb,0x37,0x3e,
    0x00,0x13,0x42,0x3d,0x6c,0x5f,0x0e,0xbe,0x5a,0x49,0x0f,0xbd,
    0x7e,0xd3,0x9d,0x3d,0x95,0x40,0x9d,0x3d,0x87,0xbd,0x4f,0x3e,
    0xf6,0x93,0x2c,0xbd,0xaa,0x05,0x46,0x3e,0x0c,0x3a,0xa2,0x3d,
    0x1a,0xfa,0x8d,0xbc,0xe7,0x90,0xd9,0xbd,0x1c,0x8e,0x06,0x3e,
    0x2e,0xc8,0xca,0xbd,0xa3,0x81,0x1f,0xbd,0x3a,0xe6,0x03,0xbe,
    0x90,0x3e,0xaf,0x3d,0xde,0xb5,0x1c,0xbe,0x26,0x3b,0xb8,0x3d,
    0xae,0xa1,0xcd,0xbc,0x03,0x45,0x7a,0xbe,0xbb,0x91,0x80,0xbe,
    0x69,0x20,0x6a,0x3e,0x64,0xfb,0x1a,0x3e,0x83,0xd1,0xce,0x3d,
    0x77,0xae,0x98,0x3e,0x61,0x1f,0xb3,0x3e,0xe0,0xa9,0xf5,0xbe,
    0xe2,0x9a,0x4b,0x3e,0xc6,0xf6,0x87,0x3e,0x26,0xc9,0xb2,0xbb,
    0x08,0x45,0x30,0x3e,0x94,0x04,0x7e,0x3d,0x86,0xf9,0x08,0x3e,
    0x0c,0x5d,0xbb,0x3b,0x91,0x0b,0xbe,0x3b,0x34,0xec,0x5b,0x3c,
    0x09,0xc1,0xf0,0xbd,0x21,0xd8,0x75,0x3e,0x78,0x24,0x0e,0xbe,
    0xec,0xc9,0xe9,0xbd,0x75,0x40,0x2b,0xbe,0x52,0x66,0x0d,0x3e,
    0x34,0xa9,0xd1,0x3d,0x4e,0xbf,0x43,0xbe,0x25,0x70,0xb5,0x3d,
    0x7b,0x93,0x6e,0x3e,0xe2,0xd6,0x78,0x3d,0xa4,0xb4,0x5f,0x3e,
    0xad,0xae,0xa1,0x3e,0x92,0x0a,0x19,0x3e,0xc1,0x5e,0x57,0xbd,
    0x18,0xb6,0x93,0x3e,0x0a,0xf5,0x70,0x3e,0xc2,0x64,0x75,0x3e,
    0xb6,0x75,0xc3,0x3d,0x48,0xcd,0x3d,0x3e,0x61,0xc2,0x90,0xbd,
    0x50,0x6e,0x20,0x3e,0xcf,0x07,0x68,0x3d,0x86,0x1b,0xcb,0xbd,
    0x2f,0x93,0x0c,0x3e,0x84,0x8e,0x46,0xbc,0x0d,0x18,0x3a,0x3e,
    0x62,0x6f,0x87,0x3c,0x4b,0x4e,0xb4,0x3d,0x5c,0xaf,0x73,0x3e,
    0x73,0x52,0x32,0x3e,0xff,0x0c,0xa2,0x3c,0x10,0xcb,0x32,0x3e,
    0x1c,0x64,0xcc,0x3c,0xab,0xd0,0x96,0x3e,0xe8,0x22,0x96,0xbe,
    0xd4,0x65,0x80,0xbe,0xaf,0x34,0xd8,0xbe,0xb2,0x95,0x86,0x3e,
    0x9c,0x0d,0xa9,0x3e,0xb6,0x45,0x69,0xbe,0x30,0x6b,0x2d,0x3e,
    0x15,0x81,0x80,0xbe,0xce,0x8c,0xce,0xbd,0x1d,0x1e,0x94,0x3e,
    0x39,0xbf,0xee,0xbe,0xb5,0x6d,0x30,0x3e,0xb5,0x7e,0xa7,0xbd,
    0x79,0x9e,0x4b,0x3d,0xc3,0xc3,0xbf,0xbd,0x3f,0x75,0x8d,0xbe,
    0x65,0xe5,0x85,0x3e,0xcd,0x99,0x3d,0xbe,0x1e,0x6c,0x6e,0xbd,
    0x8f,0xfd,0x7c,0xbe,0xe6,0x32,0xb3,0x3d,0xdd,0xa8,0xac,0x3d,
    0xd6,0x25,0x28,0xbe,0x98,0xf8,0xb6,0x3e,0x4d,0x08,0xc8,0xbe,
    0xd2,0x22,0xa3,0xbe,0xf2,0xe1,0x05,0xbe,0xbf,0xc0,0x1b,0xbe,
    0xdb,0xcd,0x08,0x3f,0x26,0xe9,0x8b,0x3d,0xba,0x5e,0x80,0x3e,
    0x7b,0x43,0xdc,0xbc,0x30,0xc6,0x5d,0xbd,0x42,0x78,0x90,0x3e,
    0xcf,0xd5,0x5f,0xbe,0xa9,0x68,0x14,0x3f,0xac,0xa9,0x57,0x3d,
    0xa3,0xf4,0xef,0xbe,0xe2,0x3c,0xb4,0xbe,0x24,0x6d,0xeb,0x3e,
    0x83,0x5d,0xf0,0xbe,0xc0,0xec,0xf5,0x3e,0x1a,0xea,0xc5,0xbe,
    0xa4,0xd0,0xa3,0x3e,0x08,0xd2,0x03,0xbe,0xb4,0xc2,0x56,0xbe,
    0x3e,0x99,0x13,0x3d,0x37,0x10,0xd9,0x3e,0x7c,0x81,0xe3,0x3e,
    0x82,0x80,0x43,0x3e,0xa3,0x43,0x61,0x3d,0x68,0xab,0x12,0x3e,
    0xab,0x3c,0xdb,0x3d,0xff,0x54,0x18,0xbe,0xca,0x1e,0xa4,0xbd,
    0x20,0x0e,0x9a,0x3e,0xe7,0x43,0x12,0xbe,0x09,0x77,0x06,0xbd,
    0x5f,0xcb,0x8e,0x3e,0x38,0x00,0x17,0x3e,0xea,0x53,0x83,0x3d,
    0x2a,0x02,0xed,0xbd,0x5d,0xa5,0xaf,0x3e,0x37,0x2d,0xa9,0xbd,
    0x59,0xa9,0x14,0x3e,0xa3,0x76,0xed,0xbc,0x72,0xa3,0xb5,0x3e,
    0xfb,0x8e,0xae,0x3e,0x02,0xb5,0x95,0x3d,0xb8,0xc3,0x5d,0x3e,
    0x94,0xfe,0x0b,0xbe,0xf5,0xe2,0x14,0xbe,0xca,0x53,0x16,0xbe,
    0xe2,0x30,0x95,0xbe,0xf9,0xda,0x90,0x3e,0x23,0x76,0x8d,0x3d,
    0xd6,0x2d,0x0d,0x3c,0x44,0x7d,0xf5,0x3c,0x1f,0x2c,0xa3,0xbc,
    0x2c,0x2c,0x87,0x3e,0x39,0x50,0xd9,0x3e,0x3d,0xc0,0xf6,0x3e,
    0x85,0x68,0xe1,0x3e,0x31,0xb7,0x9e,0x3e,0x4c,0x08,0xb9,0x3e,
    0x9e,0xd4,0xbe,0xbe,0x72,0x94,0x8e,0x3e,0x1f,0xcc,0xf4,0xbc,
    0xa1,0xac,0x8f,0x3e,0xf4,0x62,0x4f,0xbe,0x92,0xf1,0x01,0x3e,
    0x63,0x38,0xa2,0xbc,0x20,0x4b,0x6b,0x3d,0xbd,0xbb,0x63,0x3e,
    0x57,0x66,0x31,0xbe,0xc4,0xbc,0x27,0x3e,0xb1,0x29,0x27,0x3e,
    0xe5,0x9f,0x57,0x3d,0x69,0xf2,0x8f,0xbe,0xab,0xce,0xb6,0xbe,
    0xf9,0x3b,0x39,0xbd,0x16,0xee,0xb8,0x3e,0x08,0x45,0x44,0x3e,
    0xf5,0xe4,0x8e,0xbe,0xf0,0xc2,0xf5,0xbe,0x5d,0x95,0xf6,0xbd,
    0xed,0xc8,0x2f,0xbd,0x3d,0x7a,0x0c,0xbe,0x64,0x5a,0xbf,0xbe,
    0xe2,0x68,0x71,0xbe,0x8f,0x74,0x89,0xbe,0x11,0xc3,0xee,0x3d,
    0x70,0x0b,0x7c,0x3d,0x95,0xd7,0xfd,0xbe,0xc2,0x4e,0x2c,0xbe,
    0x4d,0x80,0x07,0xbe,0xcd,0x6b,0xcc,0x3e,0xb4,0x4d,0xd2,0x3e,
    0x2f,0x13,0x76,0x3e,0x3f,0x57,0xfd,0x3e,0x42,0xf3,0xcc,0xbe,
    0x38,0xdd,0xce,0x3e,0xcd,0x86,0x9a,0xbe,0xd0,0x2e,0x93,0x3e,
    0xd3,0x4d,0x4b,0x3e,0xf5,0xb6,0x0d,0xbf,0x06,0xfc,0xe1,0xbe,
    0x9d,0xe5,0xa4,0xbd,0x5f,0xab,0xa7,0xbd,0x8b,0xfa,0xcb,0x3d,
    0x74,0x65,0x6b,0xbb,0xed,0x84,0xa6,0x3d,0x1d,0xbc,0xd6,0xbe,
    0xdd,0xb4,0xe5,0x3e,0xcf,0xa8,0x98,0xbe,0xb9,0x9b,0x7b,0xbe,
    0x69,0xa8,0x6f,0xbe,0xb2,0xc5,0xdc,0x3e,0x3f,0x6b,0xa8,0x3e,
    0x0a,0x6c,0xae,0xbc,0x92,0x54,0x3b,0xbe,0x51,0x02,0x0e,0xbd,
    0x16,0x5d,0x5c,0x3e,0x35,0xf5,0x91,0xbd,0x14,0x87,0xcf,0x3d,
    0x57,0xcf,0xd0,0xbc,0x61,0xb7,0x46,0x3e,0x91,0x09,0x9c,0x3e,
    0xda,0xa2,0x66,0x3e,0xf7,0xf8,0xce,0x3e,0xba,0xe7,0x9a,0x3e,
    0x05,0x5d,0x32,0xbd,0x35,0x0d,0x33,0x3b,0x87,0xe2,0x90,0xbe,
    0xad,0x0f,0x08,0x3f,0x75,0x89,0x09,0xbe,0x46,0xff,0x05,0xbe,
    0x7d,0x00,0xf0,0xbb,0x74,0xcf,0xd7,0xbd,0x37,0x23,0xda,0xbe,
    0x5b,0xc5,0xb9,0x3e,0xac,0xd6,0x32,0xbc,0x1c,0x9d,0x21,0xbe,
    0x6c,0x23,0x22,0x3e,0x63,0xc6,0x81,0xbe,0x28,0x3d,0x5e,0x3c,
    0xc8,0x63,0xa6,0x3e,0x2b,0xe1,0x81,0x3e,0xcc,0x19,0xcb,0x3e,
    0x92,0x5f,0xae,0x3e,0x04,0x54,0x89,0xbe,0xcc,0xbb,0x66,0xbe,
    0x43,0xcc,0xa2,0x3e,0xb1,0x75,0x9a,0x3d,0x2c,0xe2,0x02,0x3f,
    0x4a,0xfd,0x02,0xbe,0x0c,0xd4,0x36,0x3e,0xbf,0x04,0xa7,0x3e,
    0x82,0x7d,0xe1,0xbb,0xb5,0xb1,0x7a,0xbe,0xb9,0xbf,0x4b,0x3e,
    0xfe,0x42,0x23,0xbd,0xd4,0xe2,0xcc,0x3e,0x18,0x95,0xec,0x3e,
    0x6c,0x6f,0xf5,0xbd,0x6a,0xf6,0xc6,0x3d,0xa0,0x3d,0x69,0x3e,
    0x6f,0x2b,0x44,0x3e,0x86,0x41,0x02,0xbc,0xd6,0x58,0xc9,0x3d,
    0xeb,0xe6,0xf0,0x3c,0x92,0xe5,0x93,0x3d,0x29,0x8c,0x98,0xbd,
    0xab,0x82,0xd9,0x3e,0x2c,0x65,0x48,0xbe,0x63,0x3a,0xf3,0x3d,
    0x69,0xe5,0xc5,0x3e,0xde,0x1d,0xa2,0xbe,0x2e,0xda,0x8e,0x3e,
    0xa1,0xe2,0x2c,0xbe,0xb7,0x5a,0xcb,0xbc,0xd7,0x8d,0x1b,0x3f,
    0xdd,0xd4,0x48,0xbd,0x08,0xc9,0xd7,0x3e,0xb8,0xc6,0xc4,0xbd,
    0x9c,0xab,0xf7,0xbe,0x6c,0x93,0x8a,0x3e,0x7d,0x58,0x6e,0x3e,
    0x46,0xd8,0x5c,0xbe,0x04,0x54,0xa1,0xbc,0x98,0x40,0x2a,0x3d,
    0x7a,0x0e,0xc1,0x3e,0x63,0x8a,0x5c,0x3e,0xe1,0x57,0xe8,0xbe,
    0xbc,0x3f,0x9b,0x3e,0xab,0x86,0xec,0x3e,0x9d,0xb0,0x74,0x3e,
    0xd1,0x7e,0x43,0x3d,0x34,0x36,0x09,0x3f,0x25,0xc5,0x6b,0xbd,
    0xa5,0x96,0x94,0xbe,0x5d,0xd4,0xc9,0x3e,0xd4,0x9f,0xe6,0x3d,
    0xf4,0x5e,0xa2,0xbe,0x15,0x92,0x5b,0xbe,0x60,0x05,0x37,0x3e,
    0x1a,0x5f,0x69,0xbe,0xdf,0x4b,0x9f,0xbd,0x8e,0x47,0xfe,0x3c,
    0x67,0xcf,0xe5,0x3b,0x7d,0x9e,0x30,0x3f,0x1c,0x6f,0x0e,0x3f,
    0xcd,0x50,0x14,0xbd,0x94,0x4e,0x64,0x3e,0x4b,0xc7,0x45,0xbe,
    0xc2,0x83,0x8f,0x3e,0x40,0x42,0x67,0x3e,0xc1,0x35,0xb7,0xbe,
    0xe3,0x5c,0x4f,0x3d,0x67,0x37,0xa7,0x3c,0x0a,0x76,0x32,0x3e,
    0x26,0xf3,0xff,0xff,0x04,0x00,0x00,0x00,0x40,0x00,0x00,0x00,
    0x23,0x2b,0x90,0xbe,0x02,0x70,0x56,0xbe,0x43,0x5d,0xfc,0x3d,
    0x96,0x80,0x09,0x3d,0x10,0xae,0x80,0xbe,0xb6,0x6e,0x86,0xbf,
    0xce,0x7d,0xd3,0xbe,0x84,0x16,0x2d,0x3d,0xe4,0x62,0x1b,0xbf,
    0x6e,0xf5,0xc8,0xbe,0x8e,0x56,0x04,0xbe,0x72,0x78,0x48,0xbe,
    0x74,0x82,0xbc,0x3b,0xc5,0x8a,0x58,0x3e,0x33,0x64,0xea,0xbd,
    0x00,0xbb,0x32,0x3e,0x72,0xf3,0xff,0xff,0x04,0x00,0x00,0x00,
    0x40,0x08,0x00,0x00,0x6a,0x0b,0xba,0xbc,0x55,0xa5,0x3b,0xbd,
    0xf1,0x72,0x59,0x3d,0x91,0x78,0xc0,0x3d,0x4a,0x2c,0xb1,0x3d,
    0xbf,0x14,0xac,0xbd,0x0a,0xe5,0xbc,0xbd,0xc3,0x9d,0x8b,0x39,
    0xcd,0x45,0x12,0x3e,0x85,0x78,0x0b,0xbe,0x61,0xf8,0xbb,0x3d,
    0x36,0x1b,0x9d,0x3c,0x04,0x8f,0x33,0xbe,0x6f,0x7e,0x09,0xbe,
    0x5e,0xed,0xf9,0xbd,0xfe,0xc7,0x1f,0xbe,0x82,0x9e,0x2a,0x3e,
    0x0a,0xfa,0xf2,0xbd,0x7a,0xa2,0x18,0xbe,0xd5,0xe4,0x37,0xbe,
    0x57,0x37,0x78,0xbd,0x01,0xb7,0xba,0xbd,0x51,0xd8,0x1a,0xbe,
    0xa7,0x59,0x04,0xbe,0x54,0xdc,0x08,0xbe,0xf7,0x90,0x80,0xbd,
    0x5d,0x00,0xbd,0xbc,0x2d,0x44,0x00,0x3e,0x60,0x45,0x8d,0xbd,
    0xb4,0xd4,0x83,0xbb,0x71,0xc2,0x5b,0x3d,0xb8,0xb3,0x49,0xbd,
    0x98,0xb4,0xfc,0x3d,0x61,0x6f,0x95,0x3d,0xa2,0xf8,0x9c,0xbd,
    0x87,0xa1,0x6d,0xbe,0xa1,0x5f,0x74,0x3d,0x49,0x12,0xa9,0xbd,
    0x54,0xe6,0xff,0xbc,0x8a,0x8a,0x1b,0xbd,0x23,0x97,0x63,0x3e,
    0xc9,0x27,0xc3,0xbd,0x1e,0x68,0x74,0xbe,0xbb,0x33,0x92,0x3d,
    0xd3,0xdd,0xd4,0x3d,0xe7,0x2c,0x57,0xbe,0xc8,0xec,0x63,0xbd,
    0xc7,0xc1,0x24,0xbe,0xb8,0x34,0xf9,0xbd,0x1c,0xfc,0x46,0xbd,
    0x5e,0xce,0xa5,0x3d,0xf7,0x55,0x96,0x3d,0xa8,0x32,0x33,0x3d,
    0xad,0xd9,0x99,0xbe,0x0a,0xaf,0x24,0x3e,0x88,0x96,0x6e,0x3e,
    0x5c,0x9a,0x14,0xbd,0xb4,0x99,0x2f,0xbe,0x4f,0xa9,0x3a,0xbd,
    0x51,0x89,0xc2,0xbd,0x8a,0x11,0xd2,0xbd,0xa6,0x43,0x80,0xbe,
    0xc6,0x9f,0xae,0x3d,0x99,0x50,0x26,0xbe,0xd6,0xf1,0x47,0xbd,
    0xaf,0x92,0x35,0xbe,0x1c,0xcf,0x8a,0x3e,0x0c,0xaa,0xc8,0x3d,
    0xdd,0xcf,0xed,0x3d,0x33,0x08,0xf8,0xbd,0x81,0x94,0x81,0xbd,
    0xc4,0xcc,0x11,0x3f,0xa8,0x76,0x8f,0xbd,0x67,0x14,0x87,0xbe,
    0xb3,0x85,0x72,0x3e,0xb3,0x6f,0xc2,0x3e,0xe4,0x92,0xbb,0xbe,
    0x59,0xe9,0xb2,0x3e,0x71,0x26,0xf2,0xbe,0x04,0xf6,0xd6,0xbe,
    0xab,0x81,0xbf,0x3e,0x25,0xca,0xac,0xbe,0x7c,0xfc,0xe6,0xbe,
    0x0b,0x4b,0x90,0xbe,0xe4,0x85,0xe2,0x3e,0x7f,0x95,0x8c,0x3e,
    0xd3,0x3c,0xbb,0xbe,0x1c,0xe3,0x28,0x3e,0xd6,0xd1,0x04,0x3e,
    0xdd,0xf1,0xeb,0xbd,0x56,0x84,0x4b,0xbe,0x4f,0x88,0xb5,0x3d,
    0x30,0x0a,0xf8,0xbe,0x41,0xa6,0x5d,0xbd,0x01,0x88,0xc7,0xbe,
    0x20,0x5e,0xcd,0x3e,0xf6,0xe6,0xca,0x3e,0x2f,0xcf,0x50,0x3e,
    0x3f,0x5a,0xac,0xbe,0x02,0xde,0x69,0x3e,0x6e,0x50,0x33,0x3e,
    0xb6,0x19,0x38,0x3e,0xa9,0x44,0x74,0xbe,0x78,0x87,0x83,0x3d,
    0x1b,0x86,0x74,0x3e,0xcc,0x2f,0x93,0xbe,0xe4,0x1c,0x02,0x3e,
    0xc6,0xcf,0xc1,0x3d,0x20,0xbd,0x95,0xbe,0xde,0xb6,0x2a,0xbd,
    0x13,0xd3,0x53,0xbe,0x3a,0x0e,0x83,0x3e,0x1c,0xde,0x7e,0xbd,
    0x19,0xe6,0xd6,0xbe,0xbf,0x88,0xde,0xbd,0x6e,0x89,0x56,0x3e,
    0xb0,0x35,0x8c,0x3e,0x7a,0x34,0xc2,0x3e,0x04,0xd1,0x4c,0x3e,
    0x22,0x45,0x03,0xbe,0xb6,0xeb,0x19,0xbe,0x78,0x36,0x1d,0x3d,
    0x76,0xdd,0x6b,0x3d,0x27,0x48,0xee,0xbd,0x3d,0x0c,0x19,0x3d,
    0x2e,0x86,0x80,0x3e,0xeb,0xbc,0x91,0x3e,0xb6,0x38,0x61,0x3c,
    0x5c,0x2d,0x9a,0xbe,0xee,0x34,0x84,0xbe,0xa7,0xbc,0x00,0xbe,
    0x79,0x4d,0xf5,0xbb,0xc5,0xba,0x9d,0xbd,0xfb,0x16,0x0b,0xbe,
    0xb8,0xe2,0xd7,0xbd,0x93,0x60,0xb1,0xbd,0x93,0xec,0x8c,0x3d,
    0xf9,0x1d,0xa5,0xbe,0x38,0x44,0xad,0x3e,0x0d,0xad,0x84,0x3e,
    0x6d,0x27,0x97,0x3e,0x14,0xbd,0xd9,0xbd,0x04,0xb8,0x4b,0x3e,
    0x38,0x11,0x77,0xbd,0x39,0x32,0xcd,0xbd,0x5c,0x16,0x1c,0x3e,
    0xa7,0x86,0x32,0xbe,0x66,0x9f,0xae,0xbb,0xaf,0x56,0x5f,0xbe,
    0x04,0x03,0xb3,0x3e,0x6d,0xa0,0x04,0x3f,0xc1,0x3f,0x8b,0xbe,
    0x2a,0x56,0xa6,0x3e,0x5b,0x21,0x93,0x3e,0xc8,0x09,0xe6,0xbb,
    0x0b,0xf0,0x56,0xbe,0x4a,0x39,0x64,0xbe,0x8f,0x53,0x2e,0x3e,
    0x51,0xca,0xa1,0xbe,0x24,0x7e,0x24,0xbd,0x5f,0x05,0x43,0xbe,
    0xa1,0x9c,0x49,0x3b,0xca,0x89,0xa1,0x3e,0x6d,0xb6,0x16,0x3e,
    0xd1,0x22,0xfb,0x3d,0x95,0xd0,0x04,0x3d,0x38,0x40,0xc7,0x3e,
    0xc9,0x65,0x73,0xbd,0x28,0x32,0x36,0xbe,0x7f,0xd7,0xd2,0x3d,
    0x0e,0x82,0x00,0x3f,0x5b,0x26,0xad,0x3e,0xf2,0xfd,0xc1,0xbe,
    0x70,0x68,0x43,0xbe,0x29,0x9a,0x78,0xbe,0x4c,0x10,0x32,0x3f,
    0x1d,0x22,0xe8,0xbe,0xa2,0x8a,0xc6,0xbc,0x80,0x01,0xf4,0xbd,
    0xd9,0x2d,0x10,0x3f,0x77,0xa9,0x88,0xbe,0x8b,0xf3,0x1e,0xbe,
    0xe2,0xa4,0x3a,0xbd,0xc7,0x03,0x2c,0x3e,0xa4,0x81,0x05,0xbf,
    0x48,0x59,0xfd,0x3e,0xdb,0x6a,0x82,0x3f,0xb5,0xa1,0x6b,0x3e,
    0x6c,0xde,0xc6,0xbe,0x05,0x91,0x4c,0xbe,0x26,0xe8,0x9b,0x3e,
    0xf2,0x75,0x9f,0x3d,0xb9,0xeb,0x97,0x3e,0x5c,0x32,0x94,0x3e,
    0x4a,0x43,0x33,0xbd,0xb1,0x6f,0xd7,0x3e,0xad,0xac,0x79,0x3e,
    0x96,0xce,0x15,0x3f,0xc9,0xcd,0x38,0xbe,0x9c,0xed,0x37,0xbd,
    0x04,0x82,0x83,0xbe,0xa4,0xb4,0x5f,0x3e,0x12,0xf8,0x8d,0xbd,
    0xa7,0xff,0xac,0x3d,0xfb,0x9a,0x13,0x3e,0x1a,0x5f,0x8b,0xbe,
    0x8d,0x69,0x94,0xbd,0x17,0xad,0xa2,0xbe,0x8f,0x70,0xe5,0x3e,
    0x9f,0x9a,0x7e,0x3e,0x06,0xcb,0x9c,0xbe,0x3c,0x3f,0x03,0xbe,
    0x73,0xb2,0xe1,0x3c,0x72,0x28,0xf7,0xbd,0x06,0x98,0x6f,0x3d,
    0x5a,0x64,0x8a,0xbe,0x99,0x13,0xcd,0xbd,0x57,0xc7,0x12,0xbd,
    0xb4,0x4a,0xbc,0x3d,0x42,0x04,0xe8,0x3e,0x61,0xf8,0xab,0x3e,
    0xd3,0x31,0xbd,0x3d,0xd2,0xd8,0x8e,0xbe,0xb5,0x86,0x65,0x3d,
    0x8d,0x10,0x78,0x3d,0xcf,0x6c,0x25,0xbe,0x69,0x08,0x89,0xbd,
    0x84,0xdb,0x79,0x3e,0xaf,0x8a,0x3b,0xbe,0x9c,0x8e,0x9f,0x3e,
    0x31,0x72,0x37,0xbe,0x6f,0xd1,0xa2,0xbe,0x56,0xcd,0xf9,0xbd,
    0x13,0xef,0x57,0x3e,0xcf,0xe1,0xaa,0x3e,0x07,0xa1,0x07,0xbf,
    0x07,0x88,0x46,0xbe,0x1d,0x3b,0x6b,0x3c,0x64,0xa8,0x90,0x3e,
    0xf5,0xde,0xbf,0x3d,0xbd,0xae,0x25,0x3e,0x16,0x0c,0x10,0x3e,
    0x45,0x9a,0x87,0x3e,0x39,0x99,0x0d,0xbe,0xb5,0xe8,0xbb,0xbe,
    0x3a,0x47,0x01,0x3f,0x4c,0xb3,0x81,0x3e,0xf2,0xec,0xbd,0xbe,
    0xb1,0x98,0x3b,0xbe,0x43,0x10,0x8f,0x3d,0x78,0x1b,0x39,0xbe,
    0xf8,0xdc,0x56,0xbe,0xc0,0xab,0xf9,0x3e,0x30,0x33,0x97,0x3c,
    0x08,0x91,0xc8,0x3d,0x34,0xe0,0x58,0xbd,0x97,0x6f,0x54,0x3e,
    0x82,0x0b,0x5c,0x3e,0x0a,0x7e,0x45,0xbe,0xfe,0x17,0x7b,0x3e,
    0xfb,0x61,0x43,0x3e,0x19,0xec,0x97,0x3e,0xe1,0x2d,0xaf,0xbd,
    0xe2,0xd6,0xb0,0xbe,0x62,0xa0,0x86,0xbe,0x0c,0x49,0x86,0xbe,
    0xe8,0x87,0x11,0xbe,0x87,0xaa,0x50,0x3d,0xb7,0xea,0xd6,0xbc,
    0xc8,0x6d,0x90,0x3e,0xfd,0x14,0x02,0xbe,0xb4,0x6f,0xa8,0x3e,
    0x20,0xf1,0xbe,0x3d,0x26,0xac,0xd0,0x3e,0x88,0x98,0x01,0x3f,
    0xdc,0x69,0xb2,0xbe,0xa3,0x08,0x7a,0xbe,0xd9,0x01,0x3d,0x3e,
    0xa2,0xea,0x49,0x3e,0xc8,0x79,0xb4,0xbe,0xf9,0x7f,0xf9,0x3d,
    0x73,0xde,0x99,0x3e,0x08,0x38,0xa9,0x3e,0xeb,0x6e,0x17,0x3e,
    0xfb,0x28,0xb6,0xbe,0x13,0xbe,0x1f,0x3e,0x3c,0x34,0x76,0xbe,
    0x67,0x41,0xdc,0xbd,0xf1,0x39,0x9c,0x3d,0x9b,0xab,0xae,0xbd,
    0x08,0xf6,0xe0,0x3e,0xf5,0x18,0xcb,0xbe,0x87,0x4b,0x45,0x3d,
    0x0d,0x15,0x2e,0xbe,0x35,0x0a,0x37,0xbd,0xa1,0xc3,0x0f,0xbe,
    0xc8,0x5c,0xe1,0x3e,0xb9,0xb8,0x9e,0xbe,0xa3,0x6d,0x28,0xbf,
    0x3e,0xc1,0x86,0xbe,0x41,0xa8,0x15,0xbf,0x08,0xf1,0xb7,0x3e,
    0x98,0x4c,0x1f,0xbf,0xb2,0xad,0x01,0x3f,0x05,0x8b,0xe2,0xbc,
    0x5a,0xe6,0x87,0x3d,0xa1,0x86,0x99,0x3e,0x31,0x9e,0xf5,0x3e,
    0x79,0x88,0x27,0xbe,0x2a,0x9f,0xf2,0x3d,0x24,0x8d,0x8e,0x3e,
    0x32,0x65,0xa6,0xbe,0x24,0x78,0x7c,0x3e,0xd0,0xe3,0xc2,0x3e,
    0x4e,0x89,0x87,0xbd,0xb7,0x3e,0xb4,0xbc,0xee,0xd2,0x64,0x3e,
    0xae,0xbd,0xb5,0xbd,0x60,0x69,0x24,0x3f,0xa9,0x3b,0x0a,0x3f,
    0x7d,0x1a,0xc0,0x3d,0x70,0xcb,0xb2,0x3d,0x48,0xdd,0xd2,0xbe,
    0x5c,0x5b,0x89,0x3e,0x0d,0xa7,0x27,0xbe,0xfa,0xd1,0x49,0xbe,
    0xa3,0x06,0xa8,0x3e,0xea,0x93,0x53,0x3e,0x56,0xd8,0x7e,0x3e,
    0x79,0xce,0x0c,0xbe,0x28,0x85,0x8f,0xbe,0xbe,0xf0,0xd6,0xbd,
    0x2e,0x6e,0x80,0xbd,0xa5,0x51,0xa3,0xbe,0x01,0x9e,0x00,0xbf,
    0x08,0x9a,0x8a,0xbe,0xd5,0xda,0x83,0xbd,0x37,0x29,0x08,0xbf,
    0x6e,0xe5,0xe6,0x3e,0xec,0x6a,0xb9,0xbd,0x9b,0x1a,0x73,0x3e,
    0xeb,0x18,0x86,0x3e,0x30,0xde,0x99,0x3e,0xfd,0xac,0x26,0x3e,
    0x14,0x2e,0x59,0xbe,0x6b,0xe0,0x05,0x3e,0xed,0x3b,0x93,0xbe,
    0xcd,0x53,0xc4,0x3d,0xdc,0xba,0xf7,0x3e,0x86,0xb2,0xcb,0x3d,
    0x94,0x59,0xd5,0xbe,0xb4,0x68,0xa1,0xbe,0x02,0x03,0x6f,0xbe,
    0x32,0xcb,0x4a,0x3c,0x50,0xb0,0xe8,0x3d,0x85,0x06,0x56,0x3e,
    0xbb,0xe6,0x18,0x3e,0x34,0xd3,0xb0,0x3e,0xfb,0x57,0xa5,0xbe,
    0x49,0xa1,0x0f,0x3f,0xac,0x69,0x81,0x3d,0xa5,0xa2,0xfa,0x3d,
    0xd7,0x60,0x9e,0x3e,0x31,0x90,0xa0,0xbd,0x33,0xe5,0xc1,0x3d,
    0x7f,0xac,0xd0,0x3d,0xa8,0x70,0x0e,0xbd,0x2c,0x38,0xdf,0x3d,
    0xe8,0xb6,0x7f,0xbd,0xe8,0xd2,0x7c,0xbd,0x9c,0xf9,0x88,0xbe,
    0x2e,0x1c,0x53,0xbe,0x0c,0x46,0x26,0x3e,0xa4,0xc5,0x2c,0x3e,
    0xc9,0xd4,0x39,0xbe,0xa4,0x24,0x76,0xbd,0xd2,0x51,0x48,0xbe,
    0x06,0xba,0xf3,0x3b,0x3f,0xf0,0x57,0x3e,0x43,0x00,0xe4,0x3d,
    0xd2,0x28,0x69,0xbe,0x4c,0xac,0xe6,0xbb,0xbd,0xdb,0x97,0x3d,
    0xb9,0xfa,0xa5,0xbb,0x15,0x47,0xbe,0xbd,0x21,0x06,0xc9,0x3d,
    0x8e,0x25,0xea,0xbd,0x68,0x92,0x66,0xbe,0xb6,0x2d,0x3b,0x3d,
    0x44,0x49,0xa9,0x3d,0x16,0xce,0x90,0x3d,0x76,0x0e,0x5c,0xbe,
    0xb4,0xa3,0x38,0x3d,0xc7,0x77,0xc7,0x3d,0x5f,0xb6,0xb1,0xbd,
    0xbe,0x0e,0x29,0x3e,0x7e,0x23,0x0c,0xbe,0xa7,0x44,0xe7,0xbc,
    0x8c,0x5a,0x94,0xbd,0x55,0xc7,0x55,0x3d,0x77,0x71,0x12,0x3e,
    0xa8,0xb5,0x98,0xbc,0x10,0xd1,0x25,0xbe,0x7d,0x77,0xcb,0x3d,
    0x07,0xfc,0x84,0x3c,0x71,0xaf,0x54,0xbe,0xaa,0x96,0xaf,0xbd,
    0x3e,0x2a,0x19,0x3d,0x33,0xfc,0x2b,0xbe,0xfb,0x94,0x40,0xbe,
    0x68,0xd0,0x66,0x3e,0x91,0x0e,0x12,0x3e,0x93,0x1f,0x16,0xbe,
    0x86,0xf2,0x6e,0xbe,0xa9,0x64,0x6c,0x3d,0x45,0xd3,0x32,0xbd,
    0xe9,0xca,0x9c,0xbd,0xce,0x54,0x51,0x3e,0x50,0xb9,0x0e,0x3e,
    0xee,0x76,0x4d,0x3d,0xa1,0xf0,0x19,0xbe,0x14,0xa9,0xb3,0xbd,
    0x80,0xb5,0x22,0x3e,0x6d,0x62,0x36,0x3b,0xa3,0x8f,0x3a,0xba,
    0x44,0x85,0xc2,0xbd,0x8c,0xc6,0xbe,0x3d,0x2f,0x05,0x56,0x3d,
    0x47,0xbb,0x29,0xbe,0x48,0x17,0x89,0xbd,0x8a,0xa2,0xce,0xbc,
    0x36,0x3e,0xe3,0xbd,0x06,0xc8,0x0e,0xbd,0xf5,0x09,0x47,0xbe,
    0x43,0x71,0x95,0xbd,0xeb,0xdd,0x8d,0x3b,0x69,0x70,0x05,0x3e,
    0x4d,0x98,0x0b,0x3e,0x5f,0x4b,0x11,0xbc,0x17,0xdb,0x2f,0xbe,
    0x4c,0x46,0x60,0x3e,0x21,0x90,0xde,0x3d,0xa6,0x25,0xf6,0x3d,
    0xef,0x86,0x67,0x3d,0x2b,0xc2,0x41,0x3d,0xb6,0xaf,0xe7,0x3b,
    0xbf,0x80,0x07,0x3e,0x3e,0x51,0xc7,0x3d,0x1a,0xdf,0x02,0xbe,
    0x8f,0x14,0x72,0x3e,0x84,0x75,0x22,0x39,0x0a,0x50,0x15,0x3e,
    0x5d,0x7a,0xbf,0x3d,0xca,0x05,0x89,0xbd,0x43,0x12,0x1f,0xbd,
    0xb5,0xb6,0xfb,0xbd,0xf2,0x06,0x81,0x3d,0x8d,0x13,0x9c,0x3d,
    0x7e,0xce,0xd6,0x3d,0x12,0xae,0xcb,0x3d,0x15,0x5f,0xf1,0x3d,
    0x52,0xe4,0xfd,0xbc,0xd2,0xed,0x48,0xbd,0x6f,0x40,0x93,0x3d,
    0x61,0x3a,0x1b,0x3d,0xeb,0xfe,0x3d,0xbe,0xa4,0x34,0xcf,0x3d,
    0x88,0xdd,0x66,0x3e,0x48,0x4a,0xa4,0x3d,0x0f,0x40,0x74,0x3e,
    0xd3,0x4f,0x08,0xbe,0x92,0xb0,0x69,0x3d,0xcc,0x3d,0x08,0x3e,
    0xcf,0x2d,0x31,0x3e,0x66,0x83,0x4c,0xbe,0xdc,0x11,0x35,0x3d,
    0x2f,0x3e,0xac,0xbe,0x54,0xf7,0x12,0xbd,0xde,0xde,0xd5,0xbd,
    0xe1,0x55,0x89,0x3e,0x16,0xa6,0x05,0xbe,0xfc,0x1f,0x49,0x3e,
    0xc4,0x5f,0x75,0xbe,0xc5,0x9b,0x26,0x3d,0x7f,0xac,0xa9,0x3d,
    0xe6,0x28,0x80,0xbe,0x38,0xed,0x88,0x3e,0x0a,0x9c,0xa9,0xbe,
    0x13,0x73,0xe7,0xbd,0xdd,0xdc,0xa3,0xbe,0x7c,0x13,0x58,0x3d,
    0x37,0xda,0x1f,0xbe,0xbc,0xb4,0xdd,0x3a,0x54,0x49,0x33,0x3e,
    0xaf,0x89,0x41,0x3e,0x17,0xa8,0x16,0x3e,0x02,0xa1,0x25,0x3e,
    0x66,0x20,0x1a,0x3b,0x09,0x64,0xea,0x3b,0xb5,0xac,0xb1,0x3d,
    0xe8,0x86,0x33,0x3e,0xdf,0x44,0xae,0x3d,0x1d,0x74,0xbb,0x3d,
    0xb4,0x6d,0x3b,0xbe,0xcf,0x15,0x2f,0xbe,0x9f,0x0f,0xdd,0xbc,
    0x8f,0x75,0x5b,0x3e,0x3f,0xb7,0xe6,0xbc,0x3c,0xbe,0x96,0x3e,
    0x5e,0xde,0xbc,0xbc,0x76,0x2f,0xd6,0x3d,0x52,0xd4,0xb8,0xbc,
    0x17,0x01,0x28,0x3e,0xb4,0x4f,0x7e,0xbd,0xea,0x9b,0xe2,0x3c,
    0x75,0xe1,0x40,0xbe,0x9c,0xe0,0x83,0xbe,0xb9,0xfb,0x88,0xbd,
    0x69,0xbb,0x2d,0x3e,0x0d,0x45,0x2f,0xbc,0x30,0x6d,0xbf,0x3a,
    0x8c,0x43,0x9f,0xbd,0x49,0x7c,0x09,0x3e,0x9e,0x8f,0xf4,0x3d,
    0xaf,0x6a,0x84,0x3c,0xe5,0x09,0xaa,0x3e,0x24,0xc2,0x81,0xbd,
    0x3a,0x89,0x1b,0x3c,0xbe,0xfb,0xff,0xff,0x04,0x00,0x00,0x00,
    0x10,0x00,0x00,0x00,0x00,0x00,0x00,0x00,0x02,0x00,0x00,0x00,
    0x03,0x00,0x00,0x00,0x01,0x00,0x00,0x00,0x04,0x00,0x06,0x00,
    0x04,0x00,0x00,0x00,0x00,0x00,0x0e,0x00,0x18,0x00,0x14,0x00,
    0x10,0x00,0x0c,0x00,0x08,0x00,0x04,0x00,0x0e,0x00,0x00,0x00,
    0x14,0x00,0x00,0x00,0x24,0x00,0x00,0x00,0x60,0x00,0x00,0x00,
    0x64,0x00,0x00,0x00,0x68,0x00,0x00,0x00,0x0d,0x00,0x00,0x00,
    0x74,0x69,0x6e,0x79,0x5f,0x72,0x75,0x6c,0x66,0x69,0x78,0x65,
    0x64,0x00,0x00,0x00,0x0f,0x00,0x00,0x00,0xc8,0x03,0x00,0x00,
    0x80,0x03,0x00,0x00,0x24,0x03,0x00,0x00,0xf0,0x02,0x00,0x00,
    0xa4,0x02,0x00,0x00,0x70,0x02,0x00,0x00,0x2c,0x02,0x00,0x00,
    0xf8,0x01,0x00,0x00,0xc4,0x01,0x00,0x00,0x8c,0x01,0x00,0x00,
    0x68,0x01,0x00,0x00,0x30,0x01,0x00,0x00,0x0c,0x01,0x00,0x00,
    0xd4,0x00,0x00,0x00,0x98,0x00,0x00,0x00,0x01,0x00,0x00,0x00,
    0x1c,0x00,0x00,0x00,0x01,0x00,0x00,0x00,0x00,0x00,0x00,0x00,
    0x20,0x00,0x00,0x00,0xa4,0x0c,0x00,0x00,0x2c,0x0c,0x00,0x00,
    0xd4,0x0b,0x00,0x00,0x84,0x0b,0x00,0x00,0x10,0x0b,0x00,0x00,
    0xb8,0x0a,0x00,0x00,0x5c,0x0a,0x00,0x00,0x18,0x0a,0x00,0x00,
    0xb4,0x09,0x00,0x00,0x5c,0x09,0x00,0x00,0xfc,0x08,0x00,0x00,
    0xb8,0x08,0x00,0x00,0x5c,0x08,0x00,0x00,0x04,0x08,0x00,0x00,
    0xc4,0x07,0x00,0x00,0x8c,0x07,0x00,0x00,0x4c,0x07,0x00,0x00,
    0x14,0x07,0x00,0x00,0xc8,0x06,0x00,0x00,0x88,0x06,0x00,0x00,
    0x50,0x06,0x00,0x00,0x14,0x06,0x00,0x00,0xc4,0x05,0x00,0x00,
    0x80,0x05,0x00,0x00,0x48,0x05,0x00,0x00,0x0c,0x05,0x00,0x00,
    0xbc,0x04,0x00,0x00,0x78,0x04,0x00,0x00,0x40,0x04,0x00,0x00,
    0xf0,0x03,0x00,0x00,0x90,0x03,0x00,0x00,0x48,0x03,0x00,0x00,
    0x9a,0xfe,0xff,0xff,0x10,0x00,0x00,0x00,0x00,0x00,0x00,0x11,
    0x18,0x00,0x00,0x00,0x1c,0x00,0x00,0x00,0x06,0xfd,0xff,0xff,
    0x04,0x00,0x00,0x00,0x01,0x00,0x00,0x00,0x01,0x00,0x00,0x00,
    0x01,0x00,0x00,0x00,0x1c,0x00,0x00,0x00,0x02,0x00,0x00,0x00,
    0x19,0x00,0x00,0x00,0x1d,0x00,0x00,0x00,0x92,0xfd,0xff,0xff,
    0x14,0x00,0x00,0x00,0x00,0x00,0x00,0x08,0x10,0x00,0x00,0x00,
    0x14,0x00,0x00,0x00,0x05,0x00,0x00,0x00,0x84,0xfd,0xff,0xff,
    0x01,0x00,0x00,0x00,0x19,0x00,0x00,0x00,0x03,0x00,0x00,0x00,
    0x18,0x00,0x00,0x00,0x1a,0x00,0x00,0x00,0x1b,0x00,0x00,0x00,
    0x4a,0xfe,0xff,0xff,0x0c,0x00,0x00,0x00,0x10,0x00,0x00,0x00,
    0x03,0x00,0x00,0x00,0x01,0x00,0x00,0x00,0x18,0x00,0x00,0x00,
    0x01,0x00,0x00,0x00,0x15,0x00,0x00,0x00,0xe6,0xfd,0xff,0xff,
    0x14,0x00,0x00,0x00,0x00,0x00,0x00,0x08,0x10,0x00,0x00,0x00,
    0x14,0x00,0x00,0x00,0x05,0x00,0x00,0x00,0xd8,0xfd,0xff,0xff,
    0x01,0x00,0x00,0x00,0x15,0x00,0x00,0x00,0x03,0x00,0x00,0x00,
    0x14,0x00,0x00,0x00,0x16,0x00,0x00,0x00,0x17,0x00,0x00,0x00,
    0x9e,0xfe,0xff,0xff,0x0c,0x00,0x00,0x00,0x10,0x00,0x00,0x00,
    0x03,0x00,0x00,0x00,0x01,0x00,0x00,0x00,0x14,0x00,0x00,0x00,
    0x01,0x00,0x00,0x00,0x11,0x00,0x00,0x00,0x3a,0xfe,0xff,0xff,
    0x14,0x00,0x00,0x00,0x00,0x00,0x00,0x08,0x10,0x00,0x00,0x00,
    0x14,0x00,0x00,0x00,0x05,0x00,0x00,0x00,0x2c,0xfe,0xff,0xff,
    0x01,0x00,0x00,0x00,0x11,0x00,0x00,0x00,0x03,0x00,0x00,0x00,
    0x0f,0x00,0x00,0x00,0x12,0x00,0x00,0x00,0x13,0x00,0x00,0x00,
    0x6e,0xfe,0xff,0xff,0x14,0x00,0x00,0x00,0x00,0x00,0x00,0x1b,
    0x10,0x00,0x00,0x00,0x14,0x00,0x00,0x00,0x04,0x00,0x00,0x00,
    0x60,0xfe,0xff,0xff,0x01,0x00,0x00,0x00,0x0f,0x00,0x00,0x00,
    0x02,0x00,0x00,0x00,0x0e,0x00,0x00,0x00,0x10,0x00,0x00,0x00,
    0x22,0xff,0xff,0xff,0x0c,0x00,0x00,0x00,0x10,0x00,0x00,0x00,
    0x03,0x00,0x00,0x00,0x01,0x00,0x00,0x00,0x0e,0x00,0x00,0x00,
    0x01,0x00,0x00,0x00,0x07,0x00,0x00,0x00,0x00,0x00,0x0e,0x00,
    0x14,0x00,0x00,0x00,0x10,0x00,0x0c,0x00,0x0b,0x00,0x04,0x00,
    0x0e,0x00,0x00,0x00,0x10,0x00,0x00,0x00,0x00,0x00,0x00,0x11,
    0x20,0x00,0x00,0x00,0x24,0x00,0x00,0x00,0x7a,0xfe,0xff,0xff,
    0x04,0x00,0x00,0x00,0x03,0x00,0x00,0x00,0x01,0x00,0x00,0x00,
    0x20,0x00,0x00,0x00,0x0a,0x00,0x00,0x00,0x01,0x00,0x00,0x00,
    0x07,0x00,0x00,0x00,0x02,0x00,0x00,0x00,0x08,0x00,0x00,0x00,
    0x1f,0x00,0x00,0x00,0x0e,0xff,0xff,0xff,0x14,0x00,0x00,0x00,
    0x00,0x00,0x00,0x1a,0x10,0x00,0x00,0x00,0x14,0x00,0x00,0x00,
    0x01,0x00,0x00,0x00,0x00,0xff,0xff,0xff,0x01,0x00,0x00,0x00,
    0x08,0x00,0x00,0x00,0x02,0x00,0x00,0x00,0x0c,0x00,0x00,0x00,
    0x0d,0x00,0x00,0x00,0x3e,0xff,0xff,0xff,0x14,0x00,0x00,0x00,
    0x00,0x00,0x00,0x01,0x18,0x00,0x00,0x00,0x1c,0x00,0x00,0x00,
    0x02,0x00,0x00,0x00,0x86,0xff,0xff,0xff,0x01,0x00,0x00,0x00,
    0x01,0x00,0x00,0x00,0x01,0x00,0x00,0x00,0x0c,0x00,0x00,0x00,
    0x03,0x00,0x00,0x00,0x09,0x00,0x00,0x00,0x0a,0x00,0x00,0x00,
    0x0b,0x00,0x00,0x00,0x00,0x00,0x0a,0x00,0x10,0x00,0x0c,0x00,
    0x08,0x00,0x04,0x00,0x0a,0x00,0x00,0x00,0x0c,0x00,0x00,0x00,
    0x10,0x00,0x00,0x00,0x03,0x00,0x00,0x00,0x01,0x00,0x00,0x00,
    0x09,0x00,0x00,0x00,0x01,0x00,0x00,0x00,0x06,0x00,0x00,0x00,
    0x00,0x00,0x0e,0x00,0x1a,0x00,0x14,0x00,0x10,0x00,0x0c,0x00,
    0x0b,0x00,0x04,0x00,0x0e,0x00,0x00,0x00,0x20,0x00,0x00,0x00,
    0x00,0x00,0x00,0x01,0x24,0x00,0x00,0x00,0x28,0x00,0x00,0x00,
    0x02,0x00,0x00,0x00,0x00,0x00,0x0a,0x00,0x0c,0x00,0x00,0x00,
    0x08,0x00,0x04,0x00,0x0a,0x00,0x00,0x00,0x01,0x00,0x00,0x00,
    0x01,0x00,0x00,0x00,0x01,0x00,0x00,0x00,0x06,0x00,0x00,0x00,
    0x03,0x00,0x00,0x00,0x02,0x00,0x00,0x00,0x04,0x00,0x00,0x00,
    0x05,0x00,0x00,0x00,0x00,0x00,0x0e,0x00,0x18,0x00,0x14,0x00,
    0x10,0x00,0x0c,0x00,0x0b,0x00,0x04,0x00,0x0e,0x00,0x00,0x00,
    0x18,0x00,0x00,0x00,0x00,0x00,0x00,0x1a,0x14,0x00,0x00,0x00,
    0x18,0x00,0x00,0x00,0x01,0x00,0x00,0x00,0x04,0x00,0x04,0x00,
    0x04,0x00,0x00,0x00,0x01,0x00,0x00,0x00,0x02,0x00,0x00,0x00,
    0x02,0x00,0x00,0x00,0x01,0x00,0x00,0x00,0x03,0x00,0x00,0x00,
    0x00,0x00,0x0e,0x00,0x16,0x00,0x00,0x00,0x10,0x00,0x0c,0x00,
    0x0b,0x00,0x04,0x00,0x0e,0x00,0x00,0x00,0x18,0x00,0x00,0x00,
    0x00,0x00,0x00,0x11,0x2c,0x00,0x00,0x00,0x30,0x00,0x00,0x00,
    0x00,0x00,0x06,0x00,0x08,0x00,0x04,0x00,0x06,0x00,0x00,0x00,
    0x04,0x00,0x00,0x00,0x04,0x00,0x00,0x00,0x01,0x00,0x00,0x00,
    0x0b,0x00,0x00,0x00,0x01,0x00,0x00,0x00,0x0a,0x00,0x00,0x00,
    0x01,0x00,0x00,0x00,0x01,0x00,0x00,0x00,0x02,0x00,0x00,0x00,
    0x00,0x00,0x00,0x00,0x1e,0x00,0x00,0x00,0x48,0xf8,0xff,0xff,
    0x30,0x00,0x00,0x00,0x10,0x00,0x00,0x00,0x10,0x00,0x00,0x00,
    0x00,0x00,0x00,0x02,0x28,0x00,0x00,0x00,0x17,0x00,0x00,0x00,
    0x67,0x65,0x74,0x69,0x74,0x65,0x6d,0x5f,0x33,0x5f,0x72,0x65,
    0x73,0x68,0x61,0x70,0x65,0x5f,0x73,0x68,0x61,0x70,0x65,0x00,
    0x01,0x00,0x00,0x00,0x03,0x00,0x00,0x00,0x01,0x00,0x00,0x00,
    0x03,0x00,0x00,0x00,0x8c,0xf8,0xff,0xff,0x48,0x00,0x00,0x00,
    0x10,0x00,0x00,0x00,0x0f,0x00,0x00,0x00,0x00,0x00,0x00,0x02,
    0x40,0x00,0x00,0x00,0x2e,0x00,0x00,0x00,0x6e,0x6f,0x64,0x65,
    0x5f,0x43,0x6f,0x6e,0x76,0x5f,0x32,0x31,0x5f,0x63,0x6f,0x6e,
    0x76,0x31,0x64,0x5f,0x69,0x6e,0x70,0x75,0x74,0x5f,0x6e,0x63,
    0x68,0x77,0x32,0x64,0x5f,0x72,0x65,0x73,0x68,0x61,0x70,0x65,
    0x5f,0x73,0x68,0x61,0x70,0x65,0x00,0x00,0x01,0x00,0x00,0x00,
    0x04,0x00,0x00,0x00,0x01,0x00,0x00,0x00,0x04,0x00,0x00,0x00,
    0xe8,0xf8,0xff,0xff,0x38,0x00,0x00,0x00,0x10,0x00,0x00,0x00,
    0x0e,0x00,0x00,0x00,0x00,0x00,0x00,0x02,0x30,0x00,0x00,0x00,
    0x1c,0x00,0x00,0x00,0x72,0x75,0x6c,0x5f,0x70,0x72,0x65,0x64,
    0x69,0x63,0x74,0x69,0x6f,0x6e,0x5f,0x72,0x65,0x73,0x68,0x61,
    0x70,0x65,0x5f,0x73,0x68,0x61,0x70,0x65,0x00,0x00,0x00,0x00,
    0x01,0x00,0x00,0x00,0x01,0x00,0x00,0x00,0x01,0x00,0x00,0x00,
    0x01,0x00,0x00,0x00,0x20,0xf8,0xff,0xff,0x20,0x00,0x00,0x00,
    0x08,0x00,0x00,0x00,0x20,0x00,0x00,0x00,0x0e,0x00,0x00,0x00,
    0x72,0x75,0x6c,0x5f,0x70,0x72,0x65,0x64,0x69,0x63,0x74,0x69,
    0x6f,0x6e,0x00,0x00,0x01,0x00,0x00,0x00,0x01,0x00,0x00,0x00,
    0x01,0x00,0x00,0x00,0x01,0x00,0x00,0x00,0xd8,0xf9,0xff,0xff,
    0x2c,0x00,0x00,0x00,0x0c,0x00,0x00,0x00,0x0d,0x00,0x00,0x00,
    0x28,0x00,0x00,0x00,0x15,0x00,0x00,0x00,0x6e,0x6f,0x64,0x65,
    0x5f,0x6c,0x69,0x6e,0x65,0x61,0x72,0x5f,0x32,0x5f,0x66,0x63,
    0x5f,0x62,0x69,0x61,0x73,0x00,0x00,0x00,0x01,0x00,0x00,0x00,
    0x01,0x00,0x00,0x00,0x01,0x00,0x00,0x00,0x01,0x00,0x00,0x00,
    0x18,0xfa,0xff,0xff,0x30,0x00,0x00,0x00,0x0c,0x00,0x00,0x00,
    0x0c,0x00,0x00,0x00,0x30,0x00,0x00,0x00,0x18,0x00,0x00,0x00,
    0x6e,0x6f,0x64,0x65,0x5f,0x6c,0x69,0x6e,0x65,0x61,0x72,0x5f,
    0x32,0x5f,0x66,0x63,0x5f,0x77,0x65,0x69,0x67,0x68,0x74,0x73,
    0x00,0x00,0x00,0x00,0x02,0x00,0x00,0x00,0x01,0x00,0x00,0x00,
    0x10,0x00,0x00,0x00,0x02,0x00,0x00,0x00,0x01,0x00,0x00,0x00,
    0x10,0x00,0x00,0x00,0xe0,0xf8,0xff,0xff,0x1c,0x00,0x00,0x00,
    0x08,0x00,0x00,0x00,0x20,0x00,0x00,0x00,0x08,0x00,0x00,0x00,
    0x6c,0x69,0x6e,0x65,0x61,0x72,0x5f,0x32,0x00,0x00,0x00,0x00,
    0x02,0x00,0x00,0x00,0x01,0x00,0x00,0x00,0x01,0x00,0x00,0x00,
    0x02,0x00,0x00,0x00,0x01,0x00,0x00,0x00,0x01,0x00,0x00,0x00,
    0x18,0xf9,0xff,0xff,0x18,0x00,0x00,0x00,0x08,0x00,0x00,0x00,
    0x1c,0x00,0x00,0x00,0x06,0x00,0x00,0x00,0x72,0x65,0x6c,0x75,
    0x5f,0x33,0x00,0x00,0x02,0x00,0x00,0x00,0x01,0x00,0x00,0x00,
    0x10,0x00,0x00,0x00,0x02,0x00,0x00,0x00,0x01,0x00,0x00,0x00,
    0x10,0x00,0x00,0x00,0xd0,0xfa,0xff,0xff,0x2c,0x00,0x00,0x00,
    0x0c,0x00,0x00,0x00,0x0b,0x00,0x00,0x00,0x28,0x00,0x00,0x00,
    0x15,0x00,0x00,0x00,0x6e,0x6f,0x64,0x65,0x5f,0x6c,0x69,0x6e,
    0x65,0x61,0x72,0x5f,0x31,0x5f,0x66,0x63,0x5f,0x62,0x69,0x61,
    0x73,0x00,0x00,0x00,0x01,0x00,0x00,0x00,0x10,0x00,0x00,0x00,
    0x01,0x00,0x00,0x00,0x10,0x00,0x00,0x00,0x10,0xfb,0xff,0xff,
    0x30,0x00,0x00,0x00,0x0c,0x00,0x00,0x00,0x0a,0x00,0x00,0x00,
    0x30,0x00,0x00,0x00,0x18,0x00,0x00,0x00,0x6e,0x6f,0x64,0x65,
    0x5f,0x6c,0x69,0x6e,0x65,0x61,0x72,0x5f,0x31,0x5f,0x66,0x63,
    0x5f,0x77,0x65,0x69,0x67,0x68,0x74,0x73,0x00,0x00,0x00,0x00,
    0x02,0x00,0x00,0x00,0x10,0x00,0x00,0x00,0x20,0x00,0x00,0x00,
    0x02,0x00,0x00,0x00,0x10,0x00,0x00,0x00,0x20,0x00,0x00,0x00,
    0xd8,0xf9,0xff,0xff,0x1c,0x00,0x00,0x00,0x08,0x00,0x00,0x00,
    0x20,0x00,0x00,0x00,0x08,0x00,0x00,0x00,0x6c,0x69,0x6e,0x65,
    0x61,0x72,0x5f,0x31,0x00,0x00,0x00,0x00,0x02,0x00,0x00,0x00,
    0x01,0x00,0x00,0x00,0x10,0x00,0x00,0x00,0x02,0x00,0x00,0x00,
    0x01,0x00,0x00,0x00,0x10,0x00,0x00,0x00,0x10,0xfa,0xff,0xff,
    0x18,0x00,0x00,0x00,0x08,0x00,0x00,0x00,0x1c,0x00,0x00,0x00,
    0x06,0x00,0x00,0x00,0x72,0x65,0x6c,0x75,0x5f,0x32,0x00,0x00,
    0x02,0x00,0x00,0x00,0x01,0x00,0x00,0x00,0x20,0x00,0x00,0x00,
    0x02,0x00,0x00,0x00,0x01,0x00,0x00,0x00,0x20,0x00,0x00,0x00,
    0xc8,0xfb,0xff,0xff,0x28,0x00,0x00,0x00,0x0c,0x00,0x00,0x00,
    0x09,0x00,0x00,0x00,0x24,0x00,0x00,0x00,0x13,0x00,0x00,0x00,
    0x6e,0x6f,0x64,0x65,0x5f,0x6c,0x69,0x6e,0x65,0x61,0x72,0x5f,
    0x66,0x63,0x5f,0x62,0x69,0x61,0x73,0x00,0x01,0x00,0x00,0x00,
    0x20,0x00,0x00,0x00,0x01,0x00,0x00,0x00,0x20,0x00,0x00,0x00,
    0x04,0xfc,0xff,0xff,0x2c,0x00,0x00,0x00,0x0c,0x00,0x00,0x00,
    0x08,0x00,0x00,0x00,0x2c,0x00,0x00,0x00,0x16,0x00,0x00,0x00,
    0x6e,0x6f,0x64,0x65,0x5f,0x6c,0x69,0x6e,0x65,0x61,0x72,0x5f,
    0x66,0x63,0x5f,0x77,0x65,0x69,0x67,0x68,0x74,0x73,0x00,0x00,
    0x02,0x00,0x00,0x00,0x20,0x00,0x00,0x00,0x20,0x00,0x00,0x00,
    0x02,0x00,0x00,0x00,0x20,0x00,0x00,0x00,0x20,0x00,0x00,0x00,
    0xc8,0xfa,0xff,0xff,0x18,0x00,0x00,0x00,0x08,0x00,0x00,0x00,
    0x1c,0x00,0x00,0x00,0x06,0x00,0x00,0x00,0x6c,0x69,0x6e,0x65,
    0x61,0x72,0x00,0x00,0x02,0x00,0x00,0x00,0x01,0x00,0x00,0x00,
    0x20,0x00,0x00,0x00,0x02,0x00,0x00,0x00,0x01,0x00,0x00,0x00,
    0x20,0x00,0x00,0x00,0x10,0xfc,0xff,0xff,0x28,0x00,0x00,0x00,
    0x10,0x00,0x00,0x00,0x07,0x00,0x00,0x00,0x00,0x00,0x00,0x02,
    0x20,0x00,0x00,0x00,0x0e,0x00,0x00,0x00,0x6d,0x65,0x61,0x6e,
    0x5f,0x6d,0x65,0x61,0x6e,0x5f,0x61,0x78,0x65,0x73,0x00,0x00,
    0x01,0x00,0x00,0x00,0x01,0x00,0x00,0x00,0x01,0x00,0x00,0x00,
    0x01,0x00,0x00,0x00,0x38,0xfb,0xff,0xff,0x18,0x00,0x00,0x00,
    0x08,0x00,0x00,0x00,0x1c,0x00,0x00,0x00,0x04,0x00,0x00,0x00,
    0x6d,0x65,0x61,0x6e,0x00,0x00,0x00,0x00,0x02,0x00,0x00,0x00,
    0x01,0x00,0x00,0x00,0x20,0x00,0x00,0x00,0x02,0x00,0x00,0x00,
    0x01,0x00,0x00,0x00,0x20,0x00,0x00,0x00,0x6c,0xfb,0xff,0xff,
    0x18,0x00,0x00,0x00,0x08,0x00,0x00,0x00,0x20,0x00,0x00,0x00,
    0x06,0x00,0x00,0x00,0x72,0x65,0x6c,0x75,0x5f,0x31,0x00,0x00,
    0x03,0x00,0x00,0x00,0x01,0x00,0x00,0x00,0x20,0x00,0x00,0x00,
    0x0a,0x00,0x00,0x00,0x03,0x00,0x00,0x00,0x01,0x00,0x00,0x00,
    0x20,0x00,0x00,0x00,0x0a,0x00,0x00,0x00,0xbc,0xfc,0xff,0xff,
    0x40,0x00,0x00,0x00,0x10,0x00,0x00,0x00,0x06,0x00,0x00,0x00,
    0x00,0x00,0x00,0x02,0x38,0x00,0x00,0x00,0x26,0x00,0x00,0x00,
    0x6e,0x6f,0x64,0x65,0x5f,0x43,0x6f,0x6e,0x76,0x5f,0x32,0x32,
    0x5f,0x63,0x6f,0x6e,0x76,0x31,0x64,0x5f,0x6f,0x75,0x74,0x70,
    0x75,0x74,0x5f,0x6e,0x63,0x68,0x77,0x32,0x64,0x5f,0x70,0x65,
    0x72,0x6d,0x00,0x00,0x01,0x00,0x00,0x00,0x04,0x00,0x00,0x00,
    0x01,0x00,0x00,0x00,0x04,0x00,0x00,0x00,0xfc,0xfb,0xff,0xff,
    0x2c,0x00,0x00,0x00,0x08,0x00,0x00,0x00,0x38,0x00,0x00,0x00,
    0x18,0x00,0x00,0x00,0x6e,0x6f,0x64,0x65,0x5f,0x43,0x6f,0x6e,
    0x76,0x5f,0x32,0x32,0x5f,0x6f,0x75,0x74,0x70,0x75,0x74,0x5f,
    0x6e,0x68,0x77,0x63,0x00,0x00,0x00,0x00,0x04,0x00,0x00,0x00,
    0x01,0x00,0x00,0x00,0x01,0x00,0x00,0x00,0x0a,0x00,0x00,0x00,
    0x20,0x00,0x00,0x00,0x04,0x00,0x00,0x00,0x01,0x00,0x00,0x00,
    0x01,0x00,0x00,0x00,0x0a,0x00,0x00,0x00,0x20,0x00,0x00,0x00,
    0xd8,0xfd,0xff,0xff,0x2c,0x00,0x00,0x00,0x0c,0x00,0x00,0x00,
    0x05,0x00,0x00,0x00,0x28,0x00,0x00,0x00,0x16,0x00,0x00,0x00,
    0x6e,0x6f,0x64,0x65,0x5f,0x43,0x6f,0x6e,0x76,0x5f,0x32,0x32,
    0x5f,0x63,0x6f,0x6e,0x76,0x5f,0x62,0x69,0x61,0x73,0x00,0x00,
    0x01,0x00,0x00,0x00,0x20,0x00,0x00,0x00,0x01,0x00,0x00,0x00,
    0x20,0x00,0x00,0x00,0x18,0xfe,0xff,0xff,0x30,0x00,0x00,0x00,
    0x0c,0x00,0x00,0x00,0x04,0x00,0x00,0x00,0x38,0x00,0x00,0x00,
    0x18,0x00,0x00,0x00,0x6e,0x6f,0x64,0x65,0x5f,0x43,0x6f,0x6e,
    0x76,0x5f,0x32,0x32,0x5f,0x63,0x6f,0x6e,0x76,0x5f,0x66,0x69,
    0x6c,0x74,0x65,0x72,0x00,0x00,0x00,0x00,0x04,0x00,0x00,0x00,
    0x20,0x00,0x00,0x00,0x01,0x00,0x00,0x00,0x03,0x00,0x00,0x00,
    0x10,0x00,0x00,0x00,0x04,0x00,0x00,0x00,0x20,0x00,0x00,0x00,
    0x01,0x00,0x00,0x00,0x03,0x00,0x00,0x00,0x10,0x00,0x00,0x00,
    0xf0,0xfc,0xff,0xff,0x28,0x00,0x00,0x00,0x08,0x00,0x00,0x00,
    0x34,0x00,0x00,0x00,0x17,0x00,0x00,0x00,0x6e,0x6f,0x64,0x65,
    0x5f,0x43,0x6f,0x6e,0x76,0x5f,0x32,0x32,0x5f,0x69,0x6e,0x70,
    0x75,0x74,0x5f,0x6e,0x68,0x77,0x63,0x00,0x04,0x00,0x00,0x00,
    0x01,0x00,0x00,0x00,0x01,0x00,0x00,0x00,0x0a,0x00,0x00,0x00,
    0x10,0x00,0x00,0x00,0x04,0x00,0x00,0x00,0x01,0x00,0x00,0x00,
    0x01,0x00,0x00,0x00,0x0a,0x00,0x00,0x00,0x10,0x00,0x00,0x00,
    0x44,0xfd,0xff,0xff,0x34,0x00,0x00,0x00,0x08,0x00,0x00,0x00,
    0x40,0x00,0x00,0x00,0x21,0x00,0x00,0x00,0x6e,0x6f,0x64,0x65,
    0x5f,0x43,0x6f,0x6e,0x76,0x5f,0x32,0x32,0x5f,0x63,0x6f,0x6e,
    0x76,0x31,0x64,0x5f,0x6f,0x75,0x74,0x70,0x75,0x74,0x5f,0x6e,
    0x63,0x68,0x77,0x32,0x64,0x00,0x00,0x00,0x04,0x00,0x00,0x00,
    0x01,0x00,0x00,0x00,0x20,0x00,0x00,0x00,0x01,0x00,0x00,0x00,
    0x0a,0x00,0x00,0x00,0x04,0x00,0x00,0x00,0x01,0x00,0x00,0x00,
    0x20,0x00,0x00,0x00,0x01,0x00,0x00,0x00,0x0a,0x00,0x00,0x00,
    0xa4,0xfd,0xff,0xff,0x1c,0x00,0x00,0x00,0x08,0x00,0x00,0x00,
    0x24,0x00,0x00,0x00,0x09,0x00,0x00,0x00,0x67,0x65,0x74,0x69,
    0x74,0x65,0x6d,0x5f,0x33,0x00,0x00,0x00,0x03,0x00,0x00,0x00,
    0x01,0x00,0x00,0x00,0x20,0x00,0x00,0x00,0x0a,0x00,0x00,0x00,
    0x03,0x00,0x00,0x00,0x01,0x00,0x00,0x00,0x20,0x00,0x00,0x00,
    0x0a,0x00,0x00,0x00,0xe4,0xfd,0xff,0xff,0x2c,0x00,0x00,0x00,
    0x08,0x00,0x00,0x00,0x38,0x00,0x00,0x00,0x18,0x00,0x00,0x00,
    0x6e,0x6f,0x64,0x65,0x5f,0x43,0x6f,0x6e,0x76,0x5f,0x32,0x31,
    0x5f,0x6f,0x75,0x74,0x70,0x75,0x74,0x5f,0x6e,0x68,0x77,0x63,
    0x00,0x00,0x00,0x00,0x04,0x00,0x00,0x00,0x01,0x00,0x00,0x00,
    0x01,0x00,0x00,0x00,0x0a,0x00,0x00,0x00,0x10,0x00,0x00,0x00,
    0x04,0x00,0x00,0x00,0x01,0x00,0x00,0x00,0x01,0x00,0x00,0x00,
    0x0a,0x00,0x00,0x00,0x10,0x00,0x00,0x00,0xc0,0xff,0xff,0xff,
    0x2c,0x00,0x00,0x00,0x0c,0x00,0x00,0x00,0x03,0x00,0x00,0x00,
    0x28,0x00,0x00,0x00,0x16,0x00,0x00,0x00,0x6e,0x6f,0x64,0x65,
    0x5f,0x43,0x6f,0x6e,0x76,0x5f,0x32,0x31,0x5f,0x63,0x6f,0x6e,
    0x76,0x5f,0x62,0x69,0x61,0x73,0x00,0x00,0x01,0x00,0x00,0x00,
    0x10,0x00,0x00,0x00,0x01,0x00,0x00,0x00,0x10,0x00,0x00,0x00,
    0x14,0x00,0x14,0x00,0x10,0x00,0x00,0x00,0x0c,0x00,0x08,0x00,
    0x00,0x00,0x00,0x00,0x00,0x00,0x04,0x00,0x14,0x00,0x00,0x00,
    0x30,0x00,0x00,0x00,0x0c,0x00,0x00,0x00,0x02,0x00,0x00,0x00,
    0x38,0x00,0x00,0x00,0x18,0x00,0x00,0x00,0x6e,0x6f,0x64,0x65,
    0x5f,0x43,0x6f,0x6e,0x76,0x5f,0x32,0x31,0x5f,0x63,0x6f,0x6e,
    0x76,0x5f,0x66,0x69,0x6c,0x74,0x65,0x72,0x00,0x00,0x00,0x00,
    0x04,0x00,0x00,0x00,0x10,0x00,0x00,0x00,0x01,0x00,0x00,0x00,
    0x03,0x00,0x00,0x00,0x0b,0x00,0x00,0x00,0x04,0x00,0x00,0x00,
    0x10,0x00,0x00,0x00,0x01,0x00,0x00,0x00,0x03,0x00,0x00,0x00,
    0x0b,0x00,0x00,0x00,0x14,0x00,0x18,0x00,0x14,0x00,0x13,0x00,
    0x0c,0x00,0x08,0x00,0x00,0x00,0x00,0x00,0x00,0x00,0x04,0x00,
    0x14,0x00,0x00,0x00,0x38,0x00,0x00,0x00,0x10,0x00,0x00,0x00,
    0x01,0x00,0x00,0x00,0x00,0x00,0x00,0x02,0x30,0x00,0x00,0x00,
    0x1c,0x00,0x00,0x00,0x6e,0x6f,0x64,0x65,0x5f,0x43,0x6f,0x6e,
    0x76,0x5f,0x32,0x31,0x5f,0x69,0x6e,0x70,0x75,0x74,0x5f,0x6e,
    0x68,0x77,0x63,0x5f,0x70,0x65,0x72,0x6d,0x00,0x00,0x00,0x00,
    0x01,0x00,0x00,0x00,0x04,0x00,0x00,0x00,0x01,0x00,0x00,0x00,
    0x04,0x00,0x00,0x00,0x4c,0xff,0xff,0xff,0x28,0x00,0x00,0x00,
    0x08,0x00,0x00,0x00,0x34,0x00,0x00,0x00,0x17,0x00,0x00,0x00,
    0x6e,0x6f,0x64,0x65,0x5f,0x43,0x6f,0x6e,0x76,0x5f,0x32,0x31,
    0x5f,0x69,0x6e,0x70,0x75,0x74,0x5f,0x6e,0x68,0x77,0x63,0x00,
    0x04,0x00,0x00,0x00,0x01,0x00,0x00,0x00,0x01,0x00,0x00,0x00,
    0x0a,0x00,0x00,0x00,0x0b,0x00,0x00,0x00,0x04,0x00,0x00,0x00,
    0x01,0x00,0x00,0x00,0x01,0x00,0x00,0x00,0x0a,0x00,0x00,0x00,
    0x0b,0x00,0x00,0x00,0xa0,0xff,0xff,0xff,0x34,0x00,0x00,0x00,
    0x08,0x00,0x00,0x00,0x40,0x00,0x00,0x00,0x20,0x00,0x00,0x00,
    0x6e,0x6f,0x64,0x65,0x5f,0x43,0x6f,0x6e,0x76,0x5f,0x32,0x31,
    0x5f,0x63,0x6f,0x6e,0x76,0x31,0x64,0x5f,0x69,0x6e,0x70,0x75,
    0x74,0x5f,0x6e,0x63,0x68,0x77,0x32,0x64,0x00,0x00,0x00,0x00,
    0x04,0x00,0x00,0x00,0x01,0x00,0x00,0x00,0x0b,0x00,0x00,0x00,
    0x01,0x00,0x00,0x00,0x0a,0x00,0x00,0x00,0x04,0x00,0x00,0x00,
    0x01,0x00,0x00,0x00,0x0b,0x00,0x00,0x00,0x01,0x00,0x00,0x00,
    0x0a,0x00,0x00,0x00,0x14,0x00,0x10,0x00,0x0c,0x00,0x00,0x00,
    0x00,0x00,0x08,0x00,0x00,0x00,0x00,0x00,0x00,0x00,0x04,0x00,
    0x14,0x00,0x00,0x00,0x18,0x00,0x00,0x00,0x08,0x00,0x00,0x00,
    0x20,0x00,0x00,0x00,0x05,0x00,0x00,0x00,0x69,0x6e,0x70,0x75,
    0x74,0x00,0x00,0x00,0x03,0x00,0x00,0x00,0x01,0x00,0x00,0x00,
    0x0b,0x00,0x00,0x00,0x0a,0x00,0x00,0x00,0x03,0x00,0x00,0x00,
    0x01,0x00,0x00,0x00,0x0b,0x00,0x00,0x00,0x0a,0x00,0x00,0x00,
    0xc4,0xff,0xff,0xff,0x09,0x00,0x00,0x00,0x00,0x00,0x00,0x09,
    0xd0,0xff,0xff,0xff,0x28,0x00,0x00,0x00,0x00,0x00,0x00,0x28,
    0xdc,0xff,0xff,0xff,0x13,0x00,0x00,0x00,0x00,0x00,0x00,0x13,
    0xe8,0xff,0xff,0xff,0x03,0x00,0x00,0x00,0x00,0x00,0x00,0x03,
    0xf4,0xff,0xff,0xff,0x27,0x00,0x00,0x00,0x00,0x00,0x00,0x27,
    0x0c,0x00,0x0c,0x00,0x0b,0x00,0x00,0x00,0x00,0x00,0x04,0x00,
    0x0c,0x00,0x00,0x00,0x16,0x00,0x00,0x00,0x00,0x00,0x00,0x16,

};

const unsigned int model_len = 19044;

#endif
